NAME,TOKENS
"Предстоятель УПЦ рассказал о ""Томосе рабства"" ПЦУ и предрек ее переход под омофор Папы Римского","предстоятел,упц,рассказыва,томос,рабств,пцу,предрека,переход,омофор,пап,римск"
"Томос рабства. Глава УПЦ высказался об ""автокефалии ПЦУ""","томос,рабств,глав,упц,высказыва,автокефал,пцу"
Новое падение Константинополя: Украинские раскольники осквернили пещеру Апокалипсиса,"нов,паден,константинопол,украинск,раскольник,оскверня,пещер,апокалипсис"
Предстоятель УПЦ митрополит Онуфрий резко отверг идею о компромиссе с раскольниками,"предстоятел,упц,митропол,онуфр,резк,отверга,иде,компромисс,раскольник"
Внешний облик Порошенко в монастыре высмеяли в web-сети,"внешн,облик,порошенк,монастыр,высмеива,web,сет"
Вынашивает томос или украл икону: в Сети смеются над Порошенко в странном пиджаке (+ВИДЕО,"вынашива,томос,украст,икон,сет,смея,порошенк,стран,пиджак,виде"
"У Порошенко есть план ""П"" — что бы это значило","порошенк,план,п,эт,знач"
"У Порошенко есть план ""П"" — что бы это значило (ВИДЕО)","порошенк,план,п,эт,знач,виде"
ЙАМУД,йамуд
Всадники апокалипсиса над Украиной,"всадник,апокалипсис,украин"
Сербы против томоса,"серб,прот,томос"
"ПЦУ нужно вспомнить, что они христиане!","пцу,нужн,вспомн,христианин"
Украинские раскольники отменят платки для женщин и начнут отпевать католиков,"украинск,раскольник,отменя,платок,женщин,начина,отпева,католик"
"ПЦУ нужно вспомнить, что они христиане!","пцу,нужн,вспомн,христианин"
Надувная свинка как символ радикальной революции,"надувн,свинк,символ,радикальн,революц"
"Украинские раскольники написали к выборам новую ""молитву""","украинск,раскольник,написа,выбор,нов,молитв"
В Сети раскритиковали Порошенко за передачу новой техники ВСУ,"сет,раскритиковыва,порошенк,передач,нов,техник,всу"
7 стран,стран
Порошенко обходится украинцам в миллиард гривен,"порошенк,обход,украинец,миллиард,гривн"
#такпобедим,такпобедим
ТОЛЬКО ПРИНУДИТЕЛЬНАЯ КАСТРАЦИЯ СО ВСЕМИ ВЫТЕКАЮЩИМИ ПОСЛЕДСТВИЯМИ,"принудительн,кастрац,ве,вытека,последств"
Современная Украина — закономерный итог мутации,"современ,украин,закономерн,итог,мутац"
Встреча с Порошенко: начались столкновения (+ФОТО,"встреч,порошенк,начина,столкновен,фот"
И вновь продолжается бой: на Украине яростно воюют с российскими книгами,"внов,продолжа,бо,украин,яростн,воева,российск,книг"
Вожди в балагане,"вожд,балага"
В Винницкой области раскольники напали на храм УПЦ,"винницк,област,раскольник,нападыва,храм,упц"
Главная интрига президентских выборов на Украине,"главн,интриг,президентск,выбор,украин"
ООН раскритиковала Украину за преследование православных верующих,"оон,раскритиковыва,украин,преследован,православн,вер"
"СБУ провела обыск у православного писателя Олега Слепынина за статьи с критикой ""томоса""","сбу,провод,обыск,православн,писател,олег,слепынин,стат,критик,томос"
Загоняется…,загоня
СБУ прессует противников томоса: в Черкассах прошёл обыск у писателя Олега Слепынина,"сбу,прессова,противник,томос,черкасс,прош,л,обыск,писател,олег,слепынин"
ООН в ужасе от религиозного конфликта на Украине,"оон,ужас,религиозн,конфликт,украин"
НОВЫЙ ПРЕЗИДЕНТ И НОВЫЙ ПРЕМЬЕР,"нов,президент,нов,премьер"
Почему американцы боятся украинских выборов,"поч,американец,боя,украинск,выбор"
Порошенко бегает от людей и от своего второго президентского срока,"порошенк,бега,человек,сво,втор,президентск,срок"
Мочит губы: Администрация Порошенко прокомментировала алкогольные пристрастия президента,"моч,губ,администрац,порошенк,прокомментирова,алкогольн,пристраст,президент"
"Представительство ""ПЦУ"" в Европарламенте закрыто после жалоб правозащитника","представительств,пцу,европарламент,закрыва,жалоб,правозащитник"
"Албанская православная церковь отказалась признавать раскольников из ""ПЦУ""","албанск,православн,церков,отказыва,признава,раскольник,пцу"
Порошенко отступил,"порошенк,отступа"
Добкин не исключил развитие психического расстройства у Порошенко,"добкин,исключа,развит,психическ,расстройств,порошенк"
Украинский Томос — капкан для мирового Православия,"украинск,томос,капка,миров,православ"
ЭТО ЕЩЕ НЕ ИТОГ ПРЕЗИДЕНТСТВА ПОРОШЕНКО,"эт,итог,президентств,порошенк"
Раскольник Епифаний пообещал помиловать священников канонической УПЦ после покаяния,"раскольник,епифан,пообеща,помилова,священник,каноническ,упц,покаян"
Варфоломей отказался обсуждать украинскую автокефалию с другими церквями,"варфолом,отказыва,обсужда,украинск,автокефал,церков"
УПЦ обвинила власти украинских городов в захвате православных церквей,"упц,обвиня,власт,украинск,город,захват,православн,церков"
Богдан Безпалько: Климкину стоит серьезно подтянуться по истории,"богда,беспальк,климкин,стоя,серьезн,подтягива,истор"
Отняли паспорт и со спецназом выслали в США: украинский епископ напишет Трампу про религиозный беспредел Киева,"отнима,паспорт,спецназ,высыла,сша,украинск,епископ,написа,трамп,религиозн,беспредел,ки"
ПОСЛЕДНИЕ СВОДКИ — 01.03.2019 (ОБНОВЛЯЕТСЯ!),"последн,сводк,обновля"
Сербская православная церковь объявила свою официальную позицию по Украине,"сербск,православн,церков,объявля,сво,официальн,позиц,украин"
Это случайность. В Администрации Порошенко пояснили,"эт,случайн,администрац,порошенк,поясня"
ВРАГ ПОПЫТАЛСЯ НАНЕСТИ УДАР В САМОЕ СВЯТОЕ МЕСТО,"враг,попыта,нанос,удар,сам,свят,мест"
MARUV – символ внутренней неонацистской оккупации Украины,"maruv,символ,внутрен,неонацистск,оккупац,украин"
ПОСЛЕДНИЕ СВОДКИ — 27.02.2019 (ОБНОВЛЯЕТСЯ!),"последн,сводк,обновля"
На Украине школьники будут сдавать экзамены по томосу,"украин,школьник,сдава,экзам,томос"
"Мясорубка: день ""Х"" настал","мясорубк,ден,х,настава"
ВЕНТИЛЯТОР НАБИРАЕТ ОБОРОТЫ,"вентилятор,набира,оборот"
ВЫ ТАМ СОВСЕМ С УМА ПОСХОДИЛИ?,"ум,посход"
Юрий Кнутов: Порошенко готов на всё ради президентского кресла,"юр,кнут,порошенк,готов,вс,рад,президентск,кресл"
MARUVгейт,марувгейт
"Итоги недели. ""Бандера не встал""","итог,недел,бандер,встава"
Русский экзархат в Западной Европе объявил о неповиновении Константинополю,"русск,экзархат,западн,европ,объявля,неповиновен,константинопол"
Националисты захватили еще одну церковь на Волыни,"националист,захват,церков,волын"
Камнем под глаз: На Волыни люди в масках атаковали храм УПЦ и травмировали прихожан,"камен,глаз,волын,человек,маск,атакова,храм,упц,травмирова,прихожанин"
"Поминки ""Небесной сотни"": ангелы из свечек","поминк,небесн,сотн,ангел,свечк"
"Александр Дмитриевский: ""ПЦУ"" сделает Украину католической страной","александр,дмитриевск,пцу,сдела,украин,католическ,стран"
Порошенко и выборы: забвение и электоральный тлен?,"порошенк,выбор,забвен,электоральн,тлен"
"Мировой тренд: ""код Порошенко"" и уличные бунты","миров,тренд,код,порошенк,уличн,бунт"
Религиозная война на Украине: католики-униаты готовятся служить в Киевской Софии,"религиозн,войн,украин,католик,униат,готов,служ,киевск,соф"
ПЕТР АЛЕКСЕЕВИЧ УЖЕ НАЧИНАЕТ ПИАРИТЬСЯ НА ПУТИНЕ,"петр,алексеевич,начина,пиар,путин"
Валерий Скороходов: СБУ обвиняет спецслужбы РФ в нападении на храмы УПЦ,"валер,скороход,сбу,обвиня,спецслужб,рф,нападен,храм,упц"
Ложь и террор режима не исцелят Украину,"лож,террор,реж,исцеля,украин"
Обострение на Донбассе: Порошенко решил развязать войну для выборов,"обострен,донбасс,порошенк,реша,развязыва,войн,выбор"
"Нацистские корни украинской ""автокефалии""","нацистск,корен,украинск,автокефал"
"Киевляне увидели в ""томос-туре"" Порошенко предвыборную агитацию","киевлянин,увидет,томос,тур,порошенк,предвыборн,агитац"
В Порошенко вживили загадочную штуку (ФОТО),"порошенк,вживля,загадочн,штук,фот"
Вероломное вторжение на чужую землю: в Болгарской Церкви обвинили Варфоломея в пособничестве властям Украины,"вероломн,вторжен,чуж,земл,болгарск,церков,обвиня,варфолом,пособничеств,власт,украин"
Томос для Киевского патриархата: Говорим ПЦУ,"томос,киевск,патриархат,говор,пцу"
ЧТО ПРОИЗОШЛО СО ШКУРОЙ ГОРНОГО КОЗЛА?,"происход,шкур,горн,козел"
Тимошенко возвращает себе лидерство. Ход за Порошенко,"тимошенк,возвраща,лидерств,ход,порошенк"
Итоги недели. От самовыдвинутого Порошенко до самоинтронизированного Думенко,"итог,недел,самовыдвига,порошенк,самоинтронизирова,думенк"
"Операция ""Интронизация"": Епифаний и пустота","операц,интронизац,епифан,пустот"
"Варфоломей не приехал на ""интронизацию"" главы украинских раскольников","варфолом,приезжа,интронизац,глав,украинск,раскольник"
Инфарктная интронизация: в Украине узаконен главный раскольник,"инфарктн,интронизац,украин,узаконива,главн,раскольник"
"Операция ""Анти-Афон"": Константинопольский патриархат дискредитирует святогорцев","операц,ант,афон,константинопольск,патриархат,дискредитирова,святогорец"
"ЭМИССАРЫ АДЕПТА ""ХОЛОДНОГО МИРА"" ЛЕЗУТ ВО ВСЕ ЩЕЛИ","эмиссар,адепт,холодн,мир,лезт,ве,щел"
Варфоломей пропустит интронизацию Епифания в Киеве - СМИ,"варфолом,пропуска,интронизац,епифан,ки,сми"
"Фанар не добился от Грузинской церкви признания ""украинской автокефалии""","фанар,добива,грузинск,церков,признан,украинск,автокефал"
Патриарх Московский и всея Руси Кирилл собрался в Киев,"патриарх,московск,ве,ру,кирилл,собира,ки"
Религиозные диверсанты рвутся в Россию,"религиозн,диверсант,рват,росс"
Православная церковь США отказалась признать ПЦУ,"православн,церков,сша,отказыва,признава,пцу"
Самовисування. Куда ходят избиратели Украины,"самовисуван,ход,избирател,украин"
Православная церковь Америки отказалась признать ПЦУ,"православн,церков,америк,отказыва,признава,пцу"
Эксперт: Украина разорвёт дипотношения с РФ — это желание США,"эксперт,украин,разорв,т,дипотношен,рф,эт,желан,сша"
"Украина. ""Жила грешно и умерла смешно""","украин,жит,грешн,умира,смешн"
Афонские святогорцы отказались участвовать в интронизации главы ПЦУ,"афонск,святогорец,отказыва,участвова,интронизац,глав,пцу"
Без приходов нет доходов: за что борются украинские раскольники,"приход,доход,борот,украинск,раскольник"
Червоненко: Томос уже используют для подкупа избирателей,"червоненк,томос,использова,подкуп,избирател"
"Три задачи слабеющей Тимошенко в борьбе с ""Томосоносом""","задач,слабет,тимошенк,борьб,томосонос"
Кровопролитие и большие жертвы: Томос разбивает Украину на части — эксперт,"кровопролит,больш,жертв,томос,разбива,украин,част,эксперт"
Итоги недели. Рост российского импорта и ворованные шапки Давоса,"итог,недел,рост,российск,импорт,ворова,шапк,давос"
Брюки в носках,"брюк,носок"
Эксперт констатировал зарождение кризиса между Константинополем и украинскими раскольниками,"эксперт,констатирова,зарожден,кризис,константинопол,украинск,раскольник"
"Украина. ""Жила грешно и умерла смешно""","украин,жит,грешн,умира,смешн"
"Украина. ""Жила грешно и умерла смешно"" (ВИДЕО)","украин,жит,грешн,умира,смешн,виде"
Украинские выборы разрушат хрупкий мир в стране,"украинск,выбор,разруша,хрупк,мир,стран"
ВЕНЕСУЭЛА ПО-УКРАИНСКИ,"венесуэл,украинск"
Бортник: Никто не знает,"бортник,никт,знат"
"Украина: ""венесуэльский вариант""","украин,венесуэльск,вариант"
ЗАВТРАК В ДАВОСЕ ПРЕВРАТИЛСЯ В СКАНДАЛ,"завтрак,давос,превраща,сканда"
Пропагандисты Майдана жалуются,"пропагандист,майда,жалова"
Армия геев: Украинские военнослужащие признаются в своей гомосексуальности.,"арм,ге,украинск,военнослужа,признава,сво,гомосексуальн"
ПЦУ-то ненастоящая: Порошенко и Варфоломей нарушили вселенские каноны,"пцу,ненастоя,порошенк,варфолом,наруша,вселенск,канон"
Порошенко сливают: ведущие европейские СМИ начали высмеивать украинского президента (ВИДЕО),"порошенк,слива,ведущ,европейск,сми,начина,высмеива,украинск,президент,виде"
ПОСЛЕДНИЕ СВОДКИ — 23.01.2019 (ОБНОВЛЯЕТСЯ!),"последн,сводк,обновля"
Со своим томосом: Тимошенко идёт в президенты,"сво,томос,тимошенк,ид,т,президент"
"В надежде на чудо Порошенко отправился в ""томос-тур"" по Украине","надежд,чуд,порошенк,отправля,томос,тур,украин"
Пропагандист Гордон объявил себя обманутым украинскими властями,"пропагандист,гордон,объявля,обманыва,украинск,власт"
Изменится ли Украина после поражения Порошенко на выборах? (ФОТО),"изменя,украин,поражен,порошенк,выбор,фот"
Томос о зависимости: куда сгоняют православных украинцев,"томос,зависим,сгоня,православн,украинец"
Плевать на твой томос: Неонацисты угрожают будущему Порошенко,"плева,тво,томос,неонацист,угрожа,будущ,порошенк"
Вячеслав Сальников: От выборов на Украине ждать нечего – русское политическое поле в стране не просто зачищено,"вячесла,сальник,выбор,украин,ждат,неч,русск,политическ,пол,стран,прост,зачища"
Порошенко испугался разрывать договор с Россией о Керченском проливе,"порошенк,испуга,разрыва,договор,росс,керченск,прол"
Порошенко стал самым наглым вором в истории Украины: масштаб разграбления колоссален,"порошенк,станов,сам,нагл,вор,истор,украин,масштаб,разграблен,колоссальн"
Интронизация главного украинского раскольника Епифания состоится в древнейшем русском соборе,"интронизац,главн,украинск,раскольник,епифан,состоя,древн,русск,собор"
Мы не боимся тебя,боя
"В коррупции на Украине виноваты ""москали"" и Тимошенко","коррупц,украин,виноват,москал,тимошенк"
Новые провокации. В сумском соборе прогремел взрыв,"нов,провокац,сумск,собор,прогремет,взрыв"
Порошенко выходит на тропу предвыборной войны,"порошенк,выход,троп,предвыборн,войн"
Держиморда прилюдно обгадилась,"держиморд,прилюдн,обгажива"
Обыкновенный нацизм. Переформатирование сознания украинцев в действии,"обыкновен,нацизм,переформатирован,сознан,украинец,действ"
"Порошенко хочет наказать волынских депутатов за неудачные гастроли во время ""томос-тура""","порошенк,хотет,наказыва,волынск,депутат,неудачн,гастрол,врем,томос,тур"
Порошенко грубо оскорбил жителя Черкасс за вопрос о коррупции,"порошенк,груб,оскорбля,жител,черкасс,вопрос,коррупц"
Обыкновенный нацизм. Переформатирование сознания украинцев в действии,"обыкновен,нацизм,переформатирован,сознан,украинец,действ"
"Кто против коррупции — тот ""москальский провокатор""","прот,коррупц,москальск,провокатор"
Донбасс - это Украина: Николай Стариков разъяснил,"донбасс,эт,украин,никола,старик,разъясня"
Почему Москва не отреагировала на убийство Захарченко и почему жителям Донбасса необходимо гражданство РФ - Стариков,"поч,москв,отреагирова,убийств,захарченк,поч,жител,донбасс,необходим,гражданств,рф,старик"
Взрыв в полицейской академии в Боготе: погибло 20 человек,"взрыв,полицейск,академ,богот,погиба,человек"
"В 2020 году ""Газпром"" прекращает транзита газа через Украину","год,газпр,прекраща,транз,газ,украин"
В Виннице шеф-редактора телеканала уволили за сюжет о канонической УПЦ,"винниц,шеф,редактор,телекана,увольня,сюжет,каноническ,упц"
Мама забитой до смерти трехлетней Кати видела,"мам,забива,смерт,трехлетн,кат,видет"
Порошенко лично выбил телефон из рук попытавшегося задать вопрос мужчины,"порошенк,личн,выбива,телефон,рук,попыта,задава,вопрос,мужчин"
"Российский сепар!: Пьяный Порошенко во время ""томос-тура"" выбил телефон из рук украинца (ВИДЕО)","российск,сепар,пьян,порошенк,врем,томос,тур,выбива,телефон,рук,украинец,виде"
Безумная религиозная вакханалия Порошенко,"безумн,религиозн,вакханал,порошенк"
Пьяный Порошенко выбил телефон из рук украинца (ВИДЕО),"пьян,порошенк,выбива,телефон,рук,украинец,виде"
"Порошенко во время ""томос-тура"" выбил из рук подошедшего к нему мужчины смартфон","порошенк,врем,томос,тур,выбива,рук,подход,мужчин,смартфон"
"Порошенко оправдал ""церковное рейдерство""","порошенк,оправдыва,церковн,рейдерств"
Погребинский: Запад до того инфицирован русофобией,"погребинск,запад,инфицирова,русофоб"
Все на концерт Петра Томосановского!: в Сети жестоко высмеяли Порошенко (ФОТО),"концерт,петр,томосановск,сет,жесток,высмеива,порошенк,фот"
Чем страшен томос. Национализм как украинская национальная религия,"страшн,томос,национализм,украинск,национальн,религ"
Глава комитета Госдумы призвал предоставить российское гражданство православным с Украины,"глав,комитет,госдум,призыва,предоставля,российск,гражданств,православн,украин"
"Труп, привязанный к живому человеку — бывший священник УПЦ о создании ""новой церкви""","труп,привязыва,жив,человек,бывш,священник,упц,создан,нов,церков"
Во Львовской области радикалы в присутствии полиции захватили храм УПЦ,"львовск,област,радика,присутств,полиц,захват,храм,упц"
Мнение: Томос может спровоцировать раздел Украины,"мнен,томос,моч,спровоцирова,раздел,украин"
Пусть не ходят к нам!: Порошенко пригрозил ударными беспилотниками из Турции,"пуст,ход,порошенк,пригроз,ударн,беспилотник,турц"
Россия не намерена вмешиваться в церковные дела Украины — Путин,"росс,намер,вмешива,церковн,дел,украин,путин"
Путин резко прокомментировал предоставление Украине томоса,"путин,резк,прокомментирова,предоставлен,украин,томос"
Сеть в шоке: пьяный Порошенко,"сет,шок,пьян,порошенк"
Это закончится катастрофой: в Госдуме пригрозили Украине последствиями за штурм Донбасса,"эт,заканчива,катастроф,госдум,пригроз,украин,последств,штурм,донбасс"
"Раскольнический ""томос"" не подписан половиной членов стамбульского синода","раскольническ,томос,подписыва,половин,член,стамбульск,синод"
Чем страшен томос. Национализм как украинская национальная религия,"страшн,томос,национализм,украинск,национальн,религ"
"Ужас и тлен: теперь ясно, почему всё пропало, Донбасс слили, а Курилы сдали","ужас,тлен,ясн,поч,вс,пропада,донбасс,слива,курил,сдава"
Железная логика 14 января 2019. Полный эфир Вести FM,"железн,логик,январ,полн,эфир,вест,fm"
Раскольники атакуют Юго-восток,"раскольник,атакова,юг,восток"
Новый ход режима Порошенко внушает оптимизм,"нов,ход,реж,порошенк,внуша,оптимизм"
Неблагонадёжная Украина. Промышленные регионы смотрят на Киев с отвращением,"неблагонад,жна,украин,промышлен,регион,смотрет,ки,отвращен"
Порошенко безбожно эксплуатирует томос,"порошенк,безбожн,эксплуатирова,томос"
Фальшивый томос и общий экзамен на верность Православию (заметки православного киевлянина),"фальшив,томос,общ,экзам,верност,православ,заметк,православн,киевлянин"
"В Сети высмеяли ""томос-тур"" Петра Порошенко по Украине","сет,высмеива,томос,тур,петр,порошенк,украин"
УПЦ посоветовала Порошенко поинтересоваться наличием томоса у раскольника Варфоломея,"упц,посоветова,порошенк,поинтересова,налич,томос,раскольник,варфолом"
В РПЦ ответили на требование Порошенко показать томос,"рпц,отвеча,требован,порошенк,показыва,томос"
Порошенко готов развязать религиозную войну,"порошенк,готов,развязыва,религиозн,войн"
На выборах в Освенциме победила бы лагерная администрация,"выбор,освенц,побежда,лагерн,администрац"
Награда за измену,"наград,изм"
Храмы для Порошенко стали разменной монетой - депутат Госдумы,"храм,порошенк,станов,размен,монет,депутат,госдум"
ПОСЛЕДНИЕ СВОДКИ — 13.01.2019 (ОБНОВЛЯЕТСЯ!),"последн,сводк,обновля"
Порошенко хочет передать Варфоломею храм,"порошенк,хотет,передава,варфолом,храм"
Томос,томос
"Журналист: Порошенко отменил ""томос–тур"" по стране из–за страха перед украинцами","журналист,порошенк,отменя,томос,тур,стран,страх,украинец"
Шарий подает в суд на Порошенко,"шар,подава,суд,порошенк"
Перспективы автокефалистских расколов: Белоруссия и Молдавия на очереди?,"перспектив,автокефалистск,раскол,белорусс,молдав,очеред"
Прихожан в ровенский храм охрана Порошенко обыскивала с собаками,"прихожанин,ровенск,храм,охра,порошенк,обыскива,собак"
Заснування ПЦУ стало історичною катастрофою для Путіна,"заснуван,пцу,станов,сторичн,катастроф,пут"
"На ""Красном рынке"" в Макеевке рухнул торговый ряд – пострадали люди (Видео)","красн,рынок,макеевк,рухнут,торгов,ряд,пострада,человек,виде"
На Украине вступил в силу закон о согласии на секс,"украин,вступа,сил,закон,соглас,секс"
Золотарёв: Порошенко прикрывает предвыборные фальсификации при помощи томос-тура,"золотар,порошенк,прикрыва,предвыборн,фальсификац,помощ,томос,тур"
Каждый гражданин Украины должен МВФ 2 000 долларов - Бойко,"кажд,гражданин,украин,должн,мвф,доллар,бойк"
Стоимость интернета с переходом на российский трафик не изменится - Виктор Яценко,"стоимост,интернет,переход,российск,трафик,изменя,виктор,яценк"
"Жительница Донбасса отдала аферистам 200 000 гривен за ""спасение сына от тюрьмы""","жительниц,донбасс,отдава,аферист,гривн,спасен,сын,тюрьм"
"Снимаешь туфли, даешь по роже: Фарион рассказала","снима,туфл,дава,рож,фарион,рассказыва"
Кураев - о томосе: Православной церкви сегодня нечего сказать,"кура,томос,православн,церков,сегодн,неч,сказа"
"Приземлённые вопросы ""ватника"" к Петру Порошенко","приземл,нны,вопрос,ватник,петр,порошенк"
"Раскольник Филарет в 2012 году называл ""томос"" об автокефалии рабством","раскольник,филарет,год,называ,томос,автокефал,рабств"
"Порошенко повез ""томос"" в украинский Ровно","порошенк,повезт,томос,украинск,ровн"
Взрывной эффект Томоса: Поражение Церкви и Русского мира,"взрывн,эффект,томос,поражен,церков,русск,мир"
Владимир Громов: Украинские политики пять лет воюют со своим народом,"владимир,гром,украинск,политик,пят,год,воева,сво,народ"
КОНСТАНТИНОПОЛЬСКИЙ ПАТРИАРХАТ: САМОЛИКВИДАЦИЯ,"константинопольск,патриархат,самоликвидац"
Клоуны у власти - беда Украины,"клоун,власт,бед,украин"
"Сайт Вселенского патриархата не включил ""ПЦУ"" в список автокефальных церквей","сайт,вселенск,патриархат,включа,пцу,список,автокефальн,церков"
Владимир Громов: Украинские политики пять лет воюют со своим народом,"владимир,гром,украинск,политик,пят,год,воева,сво,народ"
"Опять томосятина! Торчащая грудь жены Порошенко стала ""гвоздём программы автофекалии""","томосятин,торча,груд,жен,порошенк,станов,гвозд,м,программ,автофекал"
Правосеки,правосек
"Раскольник Филарет называл томос из Константинополя ""рабством""","раскольник,филарет,называ,томос,константинопол,рабств"
"Зрада: ""ПЦУ"" отсутствует в списке автокефальных церквей на сайте Константинопольского патриархата","зрад,пцу,отсутствова,список,автокефальн,церков,сайт,константинопольск,патриархат"
ВЕДРО С ТРОТИЛОМ И ГВОЗДЯМИ,"ведр,трот,гвозд"
Бортник: На признание украинской автокефалии уйдут десятилетия,"бортник,признан,украинск,автокефал,уход,десятилет"
"Раскольник Филарет в 2012 году называл ""томос"" об автокефалии рабством","раскольник,филарет,год,называ,томос,автокефал,рабств"
На заправках ДНР снизилась цена на газ,"заправк,днр,снижа,цен,газ"
"На КПВВ ""Майорск"" у Горловки в один день умерли трое мужчин","кпвв,майорск,горловк,ден,умира,тро,мужчин"
"ВСУ обстреляли рабочих КП ""Вода Донбасса"": трое получили ранения различной тяжести","всу,обстрелива,рабоч,кп,вод,донбасс,тро,получа,ранен,различн,тяжест"
Нам нужна вся Украина: почему Россия не будет признавать ДНР и ЛНР,"нужн,ве,украин,поч,росс,признава,днр,лнр"
В ДНР за выброс снега с тротуара на дорогу предусмотрен штраф,"днр,выброс,снег,тротуар,дорог,предусматрива,штраф"
Холодомор. На Украине более 1000 человек пострадали от обморожений,"холодомор,украин,человек,пострада,обморожен"
"Раскольник Филарет называл томос из Константинополя ""рабством""","раскольник,филарет,называ,томос,константинопол,рабств"
"Зрада: ""ПЦУ"" отсутствует в списке автокефальных церквей на сайте Константинопольского патриархата (ФОТО)","зрад,пцу,отсутствова,список,автокефальн,церков,сайт,константинопольск,патриархат,фот"
Правосеки не смогли прочитать молитву,"правосек,смоч,прочитыва,молитв"
"Опять томосятина! Торчащая грудь жены Порошенко стала ""гвоздём программы автофекалии"" (ФОТО)","томосятин,торча,груд,жен,порошенк,станов,гвозд,м,программ,автофекал,фот"
"Украина получила Томос, но плата за него будет слишком велика: Россия готовится ввести войска — эксперт","украин,получа,томос,плат,слишк,больш,росс,готов,ввод,войск,эксперт"
"Предстоятель Кипрской православной церкви отказался признавать новую украинскую ""церковь""","предстоятел,кипрск,православн,церков,отказыва,признава,нов,украинск,церков"
"Бурджанадзе призвала Грузию не признавать автокефалию ""новой церкви"" Украины","бурджанадз,призыва,груз,признава,автокефал,нов,церков,украин"
"Украине ""підписали"" томос (ФОТО","украин,п,дписыва,томос,фот"
От Симоненко до Кошулинского. Расколотые фланги политического спектра Украины,"симоненк,кошулинск,раскалыва,фланг,политическ,спектр,украин"
Синод Греческой церкви отказался признавать украинских раскольников,"синод,греческ,церков,отказыва,признава,украинск,раскольник"
ПОСЛЕДНИЕ СВОДКИ — 08.01.2019 (ОБНОВЛЯЕТСЯ!),"последн,сводк,обновля"
Получать Томос вместе с Порошенко поехал глава радикальной группировки С-14 Евгений Карась,"получа,томос,вмест,порошенк,поеха,глав,радикальн,группировк,евген,кар"
Томос уезжает с Украины,"томос,уезжа,украин"
Что же строят дьяволы в рясах на могилах церковного кладбища Луцка?,"стро,дьявол,ряс,мог,церковн,кладбищ,луцк"
Украина намерена навсегда запретить въезд в страну мужчинам из России,"украин,намер,навсегд,запреща,въезд,стран,мужчин,росс"
Подчиненный Наева открыл заводик для подпольной добычи нефти на Донбассе,"подчинен,наев,открыва,заводик,подпольн,добыч,нефт,донбасс"
Шоумен Зеленский попросил украинцев составить ему предвыборную программу (Видео),"шоум,зеленск,попрос,украинец,составля,предвыборн,программ,виде"
"Раскольники из ""ПЦУ"" подтвердили отправку ""томоса"" в Стамбул","раскольник,пцу,подтвержда,отправк,томос,стамбул"
"Голодным украинцам томос не нужен: ""перемоги"" Порошенко не спасают страну от нищеты","голодн,украинец,томос,нужн,перемога,порошенк,спаса,стран,нищет"
Томос уезжает с Украины,"томос,уезжа,украин"
Минкульт Украины опроверг информацию о возврате томоса в Стамбул - СМИ,"минкульт,украин,опроверга,информац,возврат,томос,стамбул,сми"
У берегов Турции затонуло судно с девятью украинскими моряками на борту,"берег,турц,затонут,судн,девя,украинск,моряк,борт"
Украинский депутат Бойко раскритиковал вмешательство Порошенко в дела церкви,"украинск,депутат,бойк,раскритиковыва,вмешательств,порошенк,дел,церков"
"Порошенко призвал мировое православие признать церковь раскольников ""святейшей""","порошенк,призыва,миров,православ,признава,церков,раскольник,свят"
"Украинские раскольники открыли временный сайт ""ПЦУ""","украинск,раскольник,открыва,времен,сайт,пцу"
"Порошенко призвал сограждан ""помолиться за ПЦУ"" на Софийской площади Киева","порошенк,призыва,согражданин,помол,пцу,софийск,площад,ки"
Раскольник Филарет назвал РПЦ небольшой и не имеющей влияния,"раскольник,филарет,называ,рпц,небольш,имет,влиян"
Савченко назвала съезд украинских раскольников частью предвыборной кампании Порошенко,"савченк,называ,съезд,украинск,раскольник,част,предвыборн,кампан,порошенк"
"Порошенко назвал создание ""ПЦУ"" второй геополитической катастрофой для России","порошенк,называ,создан,пцу,втор,геополитическ,катастроф,росс"
Томос для Украины вернут в Стамбул из-за нехватки официальных подписей,"томос,украин,вернут,стамбул,нехватк,официальн,подп"
Порошенко: Варфоломея невозможно подкупить,"порошенк,варфолом,невозможн,подкупа"
РФ воспользуется решением о независимости украинской церкви для провокаций — руководитель МИД Украины,"рф,воспользова,решен,независим,украинск,церков,провокац,руководител,мид,украин"
Пользователи сети высмеяли новое название украинской раскольнической церкви,"пользовател,сет,высмеива,нов,назван,украинск,раскольническ,церков"
"Русская церковь в Канаде назвала передачу ""томоса"" украинским раскольникам беззаконием","русск,церков,канад,называ,передач,томос,украинск,раскольник,беззакон"
"Киевский журналист обнаружил в тексте ""томоса"" грубую ошибку","киевск,журналист,обнаружива,текст,томос,груб,ошибк"
Эпический провал Порошенко: Томос отзывают в Стамбул,"эпическ,прова,порошенк,томос,отзыва,стамбул"
Томос для Украины вернут в Стамбул из-за нехватки официальных подписей,"томос,украин,вернут,стамбул,нехватк,официальн,подп"
Порошенко: Варфоломея невозможно подкупить,"порошенк,варфолом,невозможн,подкупа"
"СЦУ — это не то, что вы подумали: название новой ""церкви"" Украины взрывает Сеть (ФОТО","сцу,эт,подума,назван,нов,церков,украин,взрыва,сет,фот"
"Украинский ""томос"" оказался недействительным","украинск,томос,оказыва,недействительн"
В РПЦ указали на непризнание православным миром ПЦУ,"рпц,указыва,непризнан,православн,мир,пцу"
"В Виннице верующие стали на защиту храма от боевиков ""Правого сектора"" (Видео)","винниц,вер,станов,защит,храм,боевик,прав,сектор,виде"
Почём Порошенко православных украинцев католикам продал?,"поч,м,порошенк,православн,украинец,католик,продава"
"Порошенко призвал сограждан ""помолиться за ПЦУ"" на Софийской площади Киева","порошенк,призыва,согражданин,помол,пцу,софийск,площад,ки"
УПЦ заявила об отсутствии площадки для диалогов с украинскими раскольниками,"упц,заявля,отсутств,площадк,диалог,украинск,раскольник"
Томос раскола. Варфоломей и Порошенко нанесли геополитический удар по Православию (ФОТО),"томос,раскол,варфолом,порошенк,нанос,геополитическ,удар,православ,фот"
"Киевский журналист обнаружил в тексте ""томоса"" грубую ошибку","киевск,журналист,обнаружива,текст,томос,груб,ошибк"
Греческий богослов прокомментировал предоставление автокефалии Украине,"греческ,богосл,прокомментирова,предоставлен,автокефал,украин"
СМИ: томос усилит раскол Украины,"сми,томос,усилива,раскол,украин"
"Порошенко назвал создание ""ПЦУ"" второй геополитической катастрофой для России","порошенк,называ,создан,пцу,втор,геополитическ,катастроф,росс"
УПЦ отказалась проводить совместные службы с украинскими раскольниками,"упц,отказыва,провод,совместн,служб,украинск,раскольник"
Варфоломей передал лже-томос главарю новой лже-церкви Украины,"варфолом,передава,лже,томос,главар,нов,лже,церков,украин"
УПЦ отказалась проводить совместные службы с украинскими раскольниками,"упц,отказыва,провод,совместн,служб,украинск,раскольник"
Спикер Рады Парубий пообещал принять закон о переходе канонических храмов УПЦ МП к раскольникам,"спикер,рад,паруб,пообеща,принима,закон,переход,каноническ,храм,упц,мп,раскольник"
Шарий: Украину тянут за ноги в 17-й век,"шар,украин,тянут,ног,й,век"
И всё у них так,вс
УПЦ заявила об отсутствии площадки для диалогов с украинскими раскольниками,"упц,заявля,отсутств,площадк,диалог,украинск,раскольник"
В Сербской церкви осудили предоставление автокефалии Украине,"сербск,церков,осужда,предоставлен,автокефал,украин"
"Пиарщики Порошенко ""облизывают"" криминального авторитета ""Нарика"" в канун святого Рождества","пиарщик,порошенк,облизыва,криминальн,авторитет,нарик,канун,свят,рождеств"
Патриарх Варфоломей передал томос украинскому раскольнику Епифанию,"патриарх,варфолом,передава,томос,украинск,раскольник,епифан"
"Томос на ваши головы! В момент легализации лже-церкви украинцы увидели в небе ""странное явление""","томос,ваш,голов,момент,легализац,лже,церков,украинец,увидет,неб,стран,явлен"
Варфоломей передал томос украинскому раскольнику Епифанию,"варфолом,передава,томос,украинск,раскольник,епифан"
Варфоломей подписал томос для Украины,"варфолом,подписыва,томос,украин"
"Порошенко и Варфоломей не украдут у православных Рождество: РПЦ назвала томос об автокефалии ""новой"" украинской церкви недействительным","порошенк,варфолом,украст,православн,рождеств,рпц,называ,томос,автокефал,нов,украинск,церков,недействительн"
"Золотарев: Проект ""томос"" был создан на деньги криминальной днепропетровской ""братвы""","золотар,проект,томос,создава,деньг,криминальн,днепропетровск,братв"
Патриарх Варфоломей передал томос украинскому раскольнику Епифанию,"патриарх,варфолом,передава,томос,украинск,раскольник,епифан"
Порошенко отправился в Стамбул получать томос для своих объединенных раскольников,"порошенк,отправля,стамбул,получа,томос,сво,объединя,раскольник"
УПЦ МП обвинила Варфоломея в предательстве всех православных тысячелетних канонов,"упц,мп,обвиня,варфолом,предательств,ве,православн,тысячелетн,канон"
Варфоломей внес имя Порошенко в текст томоса об автокефалии украинских раскольников,"варфолом,внос,им,порошенк,текст,томос,автокефал,украинск,раскольник"
Лже-патриарх подписал лже-томос для лже-церкви Украины,"лже,патриарх,подписыва,лже,томос,лже,церков,украин"
"Религиозный нацизм: Поклонская рассказала о последствиях предоставления ""томоса"" украинским раскольникам","религиозн,нацизм,поклонск,рассказыва,последств,предоставлен,томос,украинск,раскольник"
РПЦ: Выданный Порошенко томос - бумага,"рпц,выдава,порошенк,томос,бумаг"
РПЦ: Выданный Порошенко томос – бумага,"рпц,выдава,порошенк,томос,бумаг"
РПЦ уличила томос для украинских раскольников в неканоничности,"рпц,улича,томос,украинск,раскольник,неканоничн"
Спикер Рады Парубий пообещал принять закон о переходе канонических храмов УПЦ МП к раскольникам,"спикер,рад,паруб,пообеща,принима,закон,переход,каноническ,храм,упц,мп,раскольник"
"СЦУ - это не то, что вы подумали: Название новой церкви Украины взорвало Сеть","сцу,эт,подума,назван,нов,церков,украин,взрыва,сет"
Варфоломей подписал томос ПЦУ || Главное от ANNA NEWS на вечер 5 января 2019,"варфолом,подписыва,томос,пцу,главн,anna,news,вечер,январ"
Радикалы готовят провокации возле собора в Чернигове - УПЦ,"радика,готов,провокац,возл,собор,черниг,упц"
ВСУ расстреляли собственных диверсантов,"всу,расстрелива,собствен,диверсант"
Варфоломей подписал томос об автокефалии ПЦУ,"варфолом,подписыва,томос,автокефал,пцу"
"Турецкий патриарх Варфоломей подписал томос об автокефалии раскольнической ""ПЦУ""","турецк,патриарх,варфолом,подписыва,томос,автокефал,раскольническ,пцу"
УПЦ: Предоставление автокефалии украинским раскольникам нарушает все апостольские правила,"упц,предоставлен,автокефал,украинск,раскольник,наруша,ве,апостольск,прав"
Патриарх Варфоломей подписал томос для украинских раскольников,"патриарх,варфолом,подписыва,томос,украинск,раскольник"
В посольстве Украины в Вашингтоне чуть галушкой не подавились,"посольств,украин,вашингтон,галушк,подав"
Украинская таможня задержала тираж рождественского послания патриарха Кирилла — РПЦ,"украинск,таможн,задержива,тираж,рождественск,послан,патриарх,кирилл,рпц"
"Варфоломей нанес вред ""митрополиту"" Епифанию –Польская Православная Церковь","варфолом,нанос,вред,митропол,епифан,польск,православн,церков"
"Глава украинских раскольников Епифаний призвал православных переходить в ""ПЦУ""","глав,украинск,раскольник,епифан,призыва,православн,переход,пцу"
СМИ: Киев готовит захват Киево-Печерской Лавры,"сми,ки,готов,захват,киев,печерск,лавр"
НЕЛЬЗЯ ЗАМОЧИТЬ КЛОУНА,"замачива,клоун"
Еще одна церковь пока не решила,"церков,пок,реша"
Автокефалия или подчинение Варфоломею — ПЦУ в ожидании томоса,"автокефал,подчинен,варфолом,пцу,ожидан,томос"
Автокефалия или подчинение Варфоломею — ПЦУ в ожидании Томоса,"автокефал,подчинен,варфолом,пцу,ожидан,томос"
"Глава украинских раскольников Епифаний призвал православных переходить в ""ПЦУ""","глав,украинск,раскольник,епифан,призыва,православн,переход,пцу"
2019 — год большого выбора России,"год,больш,выбор,росс"
Главный украинский раскольник Епифаний признал,"главн,украинск,раскольник,епифан,признава"
Аваков: Украинская автокефалия может стать дестабилизирующим фактором перед выборами,"авак,украинск,автокефал,моч,станов,дестабилизир,фактор,выбор"
"Порошенко с главой раскольников Епифанием отправится в ""томос-тур"" по Украине","порошенк,глав,раскольник,епифан,отправля,томос,тур,украин"
"На Западной Украине православные храмы присоединяются к раскольникам из ""ПЦУ""","западн,украин,православн,храм,присоединя,раскольник,пцу"
Томос-тур по 17 областям: Епифаний отправляется агитировать за Порошенко,"томос,тур,област,епифан,отправля,агитирова,порошенк"
"Украинские раскольники соберут ""синод"" после получения томоса об автокефалии","украинск,раскольник,собира,синод,получен,томос,автокефал"
"На Западной Украине православные храмы присоединяются к раскольникам из ""ПЦУ""","западн,украин,православн,храм,присоединя,раскольник,пцу"
"Порошенко с главой раскольников Епифанием отправится в ""томос-тур"" по Украине","порошенк,глав,раскольник,епифан,отправля,томос,тур,украин"
"Алексей Селиванов: Выдача паспортов РФ жителям Донбасса и Украины навсегда закроет тему ""русско-украинской войны""","алекс,селиван,выдач,паспорт,рф,жител,донбасс,украин,навсегд,закрыва,тем,русск,украинск,войн"
"Алексей Селиванов: Выдача паспортов РФ жителям Донбасса и Украины навсегда закроет тему ""русско-украинской войны""","алекс,селиван,выдач,паспорт,рф,жител,донбасс,украин,навсегд,закрыва,тем,русск,украинск,войн"
Адский Томос Порошенко и Варфоломея на Рождество,"адск,томос,порошенк,варфолом,рождеств"
Православный мир и Украина: Мрачные перспективы и последние надежды,"православн,мир,украин,мрачн,перспектив,последн,надежд"
И ТАК,
"ЕДИНСТВЕННЫЙ РЕАЛЬНЫЙ ШАНС ПРОДЛИТЬ ""ПОЛЕТ ""БОИНГА""","единствен,реальн,шанс,продля,полет,боинг"
"Новогодний ""Боинг"" нации","новогодн,боинг,нац"
"Украинское православие: между ""сциллой"" обструкции и ""харибдой"" давления","украинск,православ,сцилл,обструкц,харибд,давлен"
Филарет: Если бы я стал главой ПЦУ,"филарет,станов,глав,пцу"
Россия предостерегла власти Украины от насилия в отношении канонических православных,"росс,предостерега,власт,украин,насил,отношен,каноническ,православн"
ПОСЛЕДНИЕ СВОДКИ — 23.12.2018 (ОБНОВЛЯЕТСЯ!),"последн,сводк,обновля"
Раскольническая церковь на Украине заявила о присоединении к ней трех приходов в Винницкой области,"раскольническ,церков,украин,заявля,присоединен,приход,винницк,област"
Каноническая УПЦ МП отвергла требование властей Украины сменить свое название,"каноническ,упц,мп,отверга,требован,власт,украин,смен,сво,назван"
"Томос вместо тепла и хлеба — названы причины ""инфраструктурной смерти"" Украины","томос,вмест,тепл,хлеб,называ,причин,инфраструктурн,смерт,украин"
Владимир Путин выступил против украинского раскола и за единство Православного мира,"владимир,путин,выступа,прот,украинск,раскол,единств,православн,мир"
Политолог: Новогоднего мира жителям Донбасса ждать не стоит,"политолог,новогодн,мир,жител,донбасс,ждат,сто"
СМИ: Порошенко пообещал Варфоломею 38 церквей в обмен на томос,"сми,порошенк,пообеща,варфолом,церков,обм,томос"
Политолог: Новогоднего мира жителям Донбасса ждать не стоит,"политолог,новогодн,мир,жител,донбасс,ждат,сто"
"Главарь ""объединенных"" украинских раскольников замахнулся на Крым","главар,объединя,украинск,раскольник,замахива,крым"
Митрополит Луцкий и Волынский Михаил: Филарет и Порошенко шантажом заставили других кадидатов сняться с выборов главы ПЦУ,"митропол,луцк,волынск,миха,филарет,порошенк,шантаж,заставля,кадидат,снима,выбор,глав,пцу"
Осквернённый собор Киева,"оскверн,нны,собор,ки"
Оскверненный собор Киева,"оскверня,собор,ки"
"От ОУН-УПА к УПА-ПЦ: Перспективы украинских раскольников после киевского ""волчьего собора""","оун,уп,уп,пц,перспектив,украинск,раскольник,киевск,волч,собор"
Мы должны вернуть оккупированный Крым и Донбасс — новоизбранный глава ПЦУ Епифаний,"должн,вернут,оккупирова,крым,донбасс,новоизбра,глав,пцу,епифан"
ОХ,ох
"В РПЦ оценили избрание в Киеве главы ""новой церкви на Украине""","рпц,оценива,избран,ки,глав,нов,церков,украин"
"УПЦ отказалась признать созданную на ""объединительном соборе"" церковь","упц,отказыва,признава,создава,объединительн,собор,церков"
Поместный собор в Киеве закончился поражением Порошенко,"поместн,собор,ки,заканчива,поражен,порошенк"
Пиррова победа Порошенко,"пирр,побед,порошенк"
ПОСЛЕДНИЕ СВОДКИ — 16.12.2018 (ОБНОВЛЯЕТСЯ!),"последн,сводк,обновля"
В Киеве начал работу объединительный собор || Главное от ANNA NEWS на вечер 15 декабря 2018,"ки,начина,работ,объединительн,собор,главн,anna,news,вечер,декабр"
"Провал Порошенко и Варфоломея: ""объединительный собор"" родил церковную мышь","прова,порошенк,варфолом,объединительн,собор,рожа,церковн,мыш"
Главарём новой псевдоправославной секты Порошенко стал такой же сектант из банды Денисенко,"главар,м,нов,псевдоправославн,сект,порошенк,станов,сектант,банд,денисенк"
"Украинские раскольники выбрали главу ""новой церкви""","украинск,раскольник,выбира,глав,нов,церков"
"РПЦ: Имена участников ""объединительного собора"" будут стерты из исторической памяти","рпц,им,участник,объединительн,собор,стерет,историческ,памя"
"Архиепископ УПЦ назвал ""объединительный собор"" сатанинским сборищем","архиепископ,упц,называ,объединительн,собор,сатанинск,сборищ"
Объединительный собор: Людей из райцентров принудительно привезли в Киев на митинг,"объединительн,собор,человек,райцентр,принудительн,привоз,ки,митинг"
Эксперт: Это провал. Никто из Православных церквей не прислал поздравления Украине,"эксперт,эт,прова,никт,православн,церков,присыла,поздравлен,украин"
"На ""майдане за томос"" разливают горячее вино и продают печенье","майда,томос,разлива,горяч,вин,продава,печен"
"Провал Порошенко и Варфоломея: ""объединительный собор"" родил церковную мышь","прова,порошенк,варфолом,объединительн,собор,рожа,церковн,мыш"
НЕКУДА БЕЖАТЬ,"некуд,бежа"
Почти полмиллиона православных украинцев подписали Декларацию о сопротивлении гнету,"полмиллион,православн,украинец,подписыва,декларац,сопротивлен,гнет"
Архиепископ канонической УПЦ назвал объединительный собор сатанинским сборищем,"архиепископ,каноническ,упц,называ,объединительн,собор,сатанинск,сборищ"
Семейный совет: некуда бежать…,"семейн,совет,некуд,бежа"
Хроники смутного времени: На Украине любят ЦРУ,"хроник,смутн,врем,украин,люб,цру"
"Украинские раскольники изменили устав ""новой церкви""","украинск,раскольник,изменя,уста,нов,церков"
Украинские СМИ: Вселенский патриарх передаст Украине томос 6 января,"украинск,сми,вселенск,патриарх,передава,украин,томос,январ"
"Граница на замке: Киевский режим не пустит противников ""объединительного собора""","границ,замок,киевск,реж,пуска,противник,объединительн,собор"
ВСЯ СТРАНА ШАГНУЛА В АД ШИРОКОЙ ПОСТУПЬЮ,"ве,стран,шагнут,ад,широк,поступ"
Раскольник Филарет объяснил необходимость томоса,"раскольник,филарет,объясня,необходим,томос"
"Украина ""в положении"": Орден за Томос и штраф за русский язык","украин,положен,орд,томос,штраф,русск,язык"
"Глава УАПЦ Макарий опасается эксцессов и обострений на ""объединительном соборе""","глав,уапц,макар,опаса,эксцесс,обострен,объединительн,собор"
Андрей Деркач о Томосе. Варфоломей пытается изолировать РПЦ,"андр,деркач,томос,варфолом,пыта,изолирова,рпц"
"ПРИМЕТ ЛИ ДОНАЛЬД ""ЖЕРТВУ"" ПОРОШЕНКО?","принима,дональд,жертв,порошенк"
ФЕЕРИЧЕСКАЯ ЗРАДА!,"феерическ,зрад"
Боксер Усик готов защищать Киево-Печерскую лавру от украинских националистов,"боксер,усик,готов,защища,киев,печерск,лавр,украинск,националист"
"Украинские раскольники изменили устав ""новой церкви""","украинск,раскольник,изменя,уста,нов,церков"
Украинский боксер Усик пообещал защитить Киево-Печерскую лавру от автокефальных радикалов,"украинск,боксер,усик,пообеща,защища,киев,печерск,лавр,автокефальн,радика"
Боксер Усик готов защищать Киево-Печерскую лавру от украинских националистов,"боксер,усик,готов,защища,киев,печерск,лавр,украинск,националист"
Глава пресс-службы УПЦ: Раскольники уже сами не хотят связываться с томосом,"глав,пресс,служб,упц,раскольник,хотет,связыва,томос"
Впечатление московской журналистки от поездки в Киев (ФОТО),"впечатлен,московск,журналистк,поездк,ки,фот"
Насилие государства над православными Украины,"насил,государств,православн,украин"
"Незалежная ""в положении"": пустые поезда","незалежн,положен,пуст,поезд"
Украинский пациент-2019,"украинск,пациент"
Волчий собор пана Порошенко,"волч,собор,пан,порошенк"
ЛЮДИ С ПАПОЧКАМИ,"человек,папочк"
Дэнжерология,дэнжеролог
Раскол на Украине: посмотреть правде в глаза,"раскол,украин,посмотрет,правд,глаз"
Порошенко рассказал,"порошенк,рассказыва"
КРЕМЛЬ РАСПОЯСАЛСЯ,"кремл,распоясыва"
ДЛЯ ПАЦИЕНТОВ ЖИТОМИРСКОГО ПСИХИАТРИЧЕСКОГО ДИСПАНСЕРА,"пациент,житомирск,психиатрическ,диспансер"
СБУ запретили проез Донецкого митрополита,"сбу,запреща,проез,донецк,митропол"
"Владимир Малинкович: Тема томоса и ""поместной церкви"" Запад совершенно не интересует","владимир,малинкович,тем,томос,поместн,церков,запад,совершен,интересова"
Пациент-2019,пациент
"Нетрадиционные отцы украинской ""поместной церкви""","нетрадицион,отец,украинск,поместн,церков"
"РПЦ: Упразднение ""русского экзархата"" в Европе – это уничтожение церковного единства","рпц,упразднен,русск,экзархат,европ,уничтожен,церковн,единств"
"Украинский ПУПЕЦ ударил по лбу ""томос невезения"" (Руслан Осташко)","украинск,пупец,ударя,лоб,томос,невезен,русла,осташк"
"Запад может ""утопить"" Порошенко и в Азовском море","запад,моч,утаплива,порошенк,азовск,мор"
"Кому на Украине нужен ""Томос""?","украин,нужн,томос"
"Грабёж церквей УПЦ - радикалы уже на ""низком старте""","граб,церков,упц,радика,низк,старт"
Российская агрессия в Азовском море. Почему это касается Европы? (Le Huffington Post),"российск,агресс,азовск,мор,поч,эт,каса,европ,le,huffington,post"
Александр Роджерс: Оккупацию,"александр,роджерс,оккупац"
Полумеры Запада для Петра Порошенко вызывают его агрессивность,"полумер,запад,петр,порошенк,вызыва,агрессивн"
ВОЗМОЖНО ЮЛЮ БУДУТ БИТЬ,"возможн,юл,бит"
Побои,побо
"Протоиерей Николай Балашов: ""Объединительный собор""","протоиер,никола,балаш,объединительн,собор"
"Порошенко и ""агенты Кремля"" в рясах. Отступать некуда","порошенк,агент,кремл,ряс,отступа,некуд"
"Порошенко и ""агенты Кремля"" в рясах. Отступать некуда","порошенк,агент,кремл,ряс,отступа,некуд"
РПЦ: ересь Константинополя разбилась о принципиальность УПЦ МП,"рпц,ер,константинопол,разбива,принципиальн,упц,мп"
"Порошенко и ""агенты Кремля"" в рясах. Отступать ему некуда","порошенк,агент,кремл,ряс,отступа,некуд"
"Глава одесского ""евромайдана"" призвал к войне с Россией","глав,одесск,евромайда,призыва,войн,росс"
Порошенко начал захваты православных святынь,"порошенк,начина,захват,православн,святын"
РПЦ возложила на Константинополь ответственность за гонения на украинскую церковь,"рпц,возлага,константинопол,ответствен,гонен,украинск,церков"
"Синод Константинопольского патриархата не смог назначить дату ""объединительного"" собора украинских раскольников","синод,константинопольск,патриархат,смоч,назнача,дат,объединительн,собор,украинск,раскольник"
Украина показывает Путину ночной кошмар. И вполне успешно,"украин,показыва,путин,ночн,кошмар,вполн,успешн"
В РПЦ прокомментировали обыски в Киево-Печерской Лавре,"рпц,прокомментирова,обыск,киев,печерск,лавр"
Режим Порошенко объявил войну украинскому православию,"реж,порошенк,объявля,войн,украинск,православ"
УПЦ: Порошенко надо судить за разжигание межрелигиозной розни,"упц,порошенк,суд,разжиган,межрелигиозн,розн"
Почему на Украине невозможны перемены? Во всяком случае,"поч,украин,невозможн,перем,всяк,случа"
СБУ пришла с обыском к наместнику Киево-печерской Лавры. Выбивают согласие на Томос?,"сбу,приход,обыск,наместник,киев,печерск,лавр,выбива,соглас,томос"
Константинопольский рейдер Варфоломей,"константинопольск,рейдер,варфолом"
ПОКА НЕ ВЫЛЬЕТСЯ В ОТКРЫТУЮ ТЕРРОРИСТИЧЕСКУЮ ДИКТАТУРУ,"пок,вылива,открыт,террористическ,диктатур"
Константинополь ликвидировал Западноевропейский экзархат русских приходов,"константинопол,ликвидирова,западноевропейск,экзархат,русск,приход"
Константинополь распускает Западноевропейский экзархат русских приходов - СМИ,"константинопол,распуска,западноевропейск,экзархат,русск,приход,сми"
Константинополь ликвидировал Западноевропейский экзархат русских приходов,"константинопол,ликвидирова,западноевропейск,экзархат,русск,приход"
В Ровно патриоты обвинили УПЦ в пытках украинских моряков и облили краской дверь епархии,"ровн,патриот,обвиня,упц,пытк,украинск,моряк,облива,краск,двер,епарх"
СМИ: Константинополь распустил русские приходы в Западной Европе,"сми,константинопол,распуска,русск,приход,западн,европ"
В Ровно патриоты обвинили УПЦ в пытках украинских моряков и облили краской дверь епархии,"ровн,патриот,обвиня,упц,пытк,украинск,моряк,облива,краск,двер,епарх"
Пётр Порошенко и старт предпоследнего этапа,"п,тр,порошенк,старт,предпоследн,этап"
Ляшко заблокировал трибуну: заседание Верховной Рады о введении военного положения на Украине началось со скандала,"ляшк,заблокирова,трибун,заседан,верховн,рад,введен,воен,положен,украин,начина,сканда"
Военное положение на Украине — способ решения проблемы удержания власти,"воен,положен,украин,способ,решен,проблем,удержан,власт"
Классическая агония,"классическ,агон"
Военное положение на Украине - способ решения проблемы удержания власти,"воен,положен,украин,способ,решен,проблем,удержан,власт"
Порошенко ударили под дых накануне автокефалии,"порошенк,ударя,дых,наканун,автокефал"
Зима уж близится,"зим,близ"
Последний шанс для бабушки: Киев наводнила антиреклама Тимошенко,"последн,шанс,бабушк,ки,наводня,антиреклам,тимошенк"
"Подонки! Твари!: ветеран ""АТО"" говорит правду об украинской власти","подонок,твар,ветера,ат,говор,правд,украинск,власт"
"Подонки! Твари!: ветеран ""АТО"" говорит правду об украинской власти (ВИДЕО)","подонок,твар,ветера,ат,говор,правд,украинск,власт,виде"
Нас бомбила Украина,"бомб,украин"
Дела автокефальные: поклонник Мазепы может получить томос в Украине,"дел,автокефальн,поклонник,мазеп,моч,получа,томос,украин"
"Украинские раскольники опровергли сообщения о дате ""объединительного собора""","украинск,раскольник,опроверга,сообщен,дат,объединительн,собор"
"Филарет предложил кандидата на пост главы новой украинской ""церкви""","филарет,предлага,кандидат,пост,глав,нов,украинск,церков"
Украина - только начало: что будет с православными церквями Прибалтики и Беларуси,"украин,нача,православн,церков,прибалтик,белар"
Бывший АТОшник высказал мнение о нынешней власти на Украине,"бывш,атошник,высказыва,мнен,нынешн,власт,украин"
Из каких епископов пытаются создать единую церковь на Украине,"епископ,пыта,создава,един,церков,украин"
Судьба украинского раскола в руках порошенковского Гестапо,"судьб,украинск,раскол,рук,порошенковск,гестап"
На тризубе поставили крест: В Сети обсуждают странные конструкции на Майдане (ФОТО),"тризуб,поставля,крест,сет,обсужда,стран,конструкц,майда,фот"
Вселенский патриархат объявит дату вручения томоса украинским раскольникам в декабре,"вселенск,патриархат,объявля,дат,вручен,томос,украинск,раскольник,декабр"
"Филарет предложил кандидата на пост главы новой украинской ""церкви""","филарет,предлага,кандидат,пост,глав,нов,украинск,церков"
"В Запорожье сторонники Томоса призвали гнать ""церковных агентов Кремля"" из Украины","запорож,сторонник,томос,призыва,гнат,церковн,агент,кремл,украин"
"В Запорожье сторонники Томоса призвали гнать ""церковных агентов Кремля"" из Украины","запорож,сторонник,томос,призыва,гнат,церковн,агент,кремл,украин"
ПОСЛЕДНИЕ СВОДКИ — 19.11.2018 (ОБНОВЛЯЕТСЯ!),"последн,сводк,обновля"
Ищенко: Любой перешедший на сторону Порошенко епископ поставит себя вне церкви,"ищенк,люб,переход,сторон,порошенк,епископ,поставля,вне,церков"
Ищенко: Любой перешедший на сторону Порошенко епископ поставит себя вне церкви,"ищенк,люб,переход,сторон,порошенк,епископ,поставля,вне,церков"
КАРТОЧНЫЙ ДОМИК ПЕТРА АЛЕКСЕЕВИЧА РАЗРУШЕН,"карточн,домик,петр,алексеевич,разруша"
СМИ: глава канонической Украинской православной церкви Онуфрий дал отпор ереси Порошенко,"сми,глав,каноническ,украинск,православн,церков,онуфр,дава,отпор,ер,порошенк"
"Стала известна предполагаемая дата ""объединительного собора"" на Украине","станов,известн,предполага,дат,объединительн,собор,украин"
"Украинские раскольники признали заминку с проведением ""объединительного"" собора и получением томоса","украинск,раскольник,признава,заминк,проведен,объединительн,собор,получен,томос"
Украинские раскольники не смогли назвать дату получения томоса об автокефалии,"украинск,раскольник,смоч,называ,дат,получен,томос,автокефал"
"Распад карточного домика ""томосятины""","распад,карточн,домик,томосятин"
"Распад карточного домика ""томосятины""","распад,карточн,домик,томосятин"
И томос светится в дыму...: Интернет смеётся над авариями на теплосетях Киева (ФОТО),"томос,свет,дым,интернет,сме,тся,авар,теплосет,ки,фот"
Томос для Украины: в Киев едет ревизор из Константинополя,"томос,украин,ки,еха,ревизор,константинопол"
Варфоломей пообещал Украине автокефалию к годовщине голодомора,"варфолом,пообеща,украин,автокефал,годовщин,голодомор"
Томосом по голове и надеждам,"томос,голов,надежд"
Варфоломей пообещал Украине автокефалию к годовщине голодомора,"варфолом,пообеща,украин,автокефал,годовщин,голодомор"
Томосом по голове и надеждам,"томос,голов,надежд"
"Священник Андрей Ткачев: ""Епископы УПЦ указали раскольникам их место!""","священник,андр,ткач,епископ,упц,указыва,раскольник,мест"
Порошенко разочаровал Варфоломея из Стамбула,"порошенк,разочаровыва,варфолом,стамбул"
ПОСЛЕДНИЕ СВОДКИ — 14.11.2018 (ОБНОВЛЯЕТСЯ!),"последн,сводк,обновля"
Раскол Оппоблока: План Порошенко сводит на нет партии юго-востока,"раскол,оппоблок,план,порошенк,свод,парт,юг,восток"
Раскол Оппоблока: План Порошенко сводит на нет партии юго-востока,"раскол,оппоблок,план,порошенк,свод,парт,юг,восток"
Константинополь не услышал просьбы верующих Украины не узаконивать раскольников - УПЦ,"константинопол,услыша,просьб,вер,украин,узаконива,раскольник,упц"
УПЦ МП заявила о невозможности присоединения к автокефальной церкви,"упц,мп,заявля,невозможн,присоединен,автокефальн,церков"
Константинополь не услышал просьбы верующих Украины не узаконивать раскольников — УПЦ,"константинопол,услыша,просьб,вер,украин,узаконива,раскольник,упц"
УПЦ сообщила о невозможности присоединения к автокефальной церкви,"упц,сообща,невозможн,присоединен,автокефальн,церков"
Время томоса: Кризис назрел,"врем,томос,кризис,назрева"
Советник Порошенко: УПЦ МП – слаба и не сможет выступить против президента,"советник,порошенк,упц,мп,слаб,смоч,выступа,прот,президент"
ДАВАЙТЕ ПОСМОТРИМ НА ОБЩУЮ КАРТИНУ С ВЫСОТЫ ГОЛУБИНОГО ПОМЕТА,"дава,посмотрет,общ,картин,высот,голубин,помет"
ВЫБОРЫ В БУДУЩЕМ ГОДУ ПРОВОДИТЬ НЕ НАДО,"выбор,будущ,год,провод"
Время томоса: Кризис назрел,"врем,томос,кризис,назрева"
Украина: почему бегут крысы?,"украин,поч,бежа,крыс"
Парижский прорыв в Булонском лесу,"парижск,прор,булонск,лес"
Украина: почему бегут крысы?,"украин,поч,бежа,крыс"
Архиепископ Климент: Украинская православная церковь получила название раньше,"архиепископ,климент,украинск,православн,церков,получа,назван,ран"
Раскольники Филарет и Макарий отреклись от руководства автокефальной церковью,"раскольник,филарет,макар,отрека,руководств,автокефальн,церков"
До Фанара,фанар
ПУСТЬ ХОТЬ ОНИ СМОГУТ ЖИТЬ ПО-ЧЕЛОВЕЧЕСКИ,"пуст,смоч,жит,человеческ"
Нечисть правит Украиной,"нечист,прав,украин"
НОВОСТИ от ANNA NEWS на 18-00 7 ноября 2018 года || Порошенко выгоняет представителей РПЦ,"новост,anna,news,ноябр,год,порошенк,выгоня,представител,рпц"
Предвыборная схватка: проститутки против пид…сов,"предвыборн,схватк,проститутк,прот,пид,сов"
ПРОСТИТУТКИ С ПИДАРАСАМИ ДЕРУТСЯ,"проститутк,пидарас,драт"
Предвыборная схватка: проститутки против пид…сов,"предвыборн,схватк,проститутк,прот,пид,сов"
"Парубий назвал срок проведения ""объединительного собора"" украинских раскольников","паруб,называ,срок,проведен,объединительн,собор,украинск,раскольник"
"Кто кому доктор. ""Сбитый летчик"" Филарет и раскольник-узурпатор Варфоломей","доктор,сбива,летчик,филарет,раскольник,узурпатор,варфолом"
Порошенко и Варфоломей окончательно предали единство мирового православия,"порошенк,варфолом,окончательн,предава,единств,миров,православ"
ИГОРЬ КОЛОМОЙСКИЙ НАГАДИЛ НА ПРАЗДНИК НАЦИИ,"игор,коломойск,нагад,праздник,нац"
Гибридные санкции Путина,"гибридн,санкц,путин"
Дела раскольнические. Порошенко и Варфоломей ударили по рукам,"дел,раскольническ,порошенк,варфолом,ударя,рук"
СПЕЦОПЕРАЦИЯ ФСБ,"спецоперац,фсб"
Рожденные в СССР: санкционный список Кремля,"рожа,ссср,санкцион,список,кремл"
Патриарх Кирилл: Украинские власти не смогут разорвать духовную общность народов,"патриарх,кирилл,украинск,власт,смоч,разрыва,духовн,общност,народ"
Рожденные в СССР: санкционный список Кремля,"рожа,ссср,санкцион,список,кремл"
Четыре барьера на пути к томосу,"четыр,барьер,пут,томос"
Как нам наступать на Фанар,"наступа,фанар"
Теперь уже виноват российский орёл,"виноват,российск,ор,л"
Вадим Карасев: В действиях Порошенко нет солидарности с народом,"вад,карас,действ,порошенк,солидарн,народ"
Павел Раста: Самоопределившиеся,"павел,раст,самоопределя"
Вадим Карасев: В действиях Порошенко нет солидарности с народом,"вад,карас,действ,порошенк,солидарн,народ"
Мы на пороге катастрофы,"порог,катастроф"
Митрополит Онуфрий отказался отпевать раскольников,"митропол,онуфр,отказыва,отпева,раскольник"
Ищенко: Украина останется без томоса из-за амбиций Филарета и Варфоломея,"ищенк,украин,остава,томос,амбиц,филарет,варфолом"
Зачем политикам-иноверцам Томос об автокефалии?,"политик,иноверец,томос,автокефал"
Варфоломей и его западные кураторы создают антитезу христианству.,"варфолом,западн,куратор,создава,антитез,христианств"
Если нападут националисты,"нападыва,националист"
Раскол русского православия — геополитическая катастрофа сравнимая с распадом СССР. Интервью с Олегом Царевым,"раскол,русск,православ,геополитическ,катастроф,сравним,распад,ссср,интерв,олег,цар"
Раскол русского православия - геополитическая катастрофа сравнимая с распадом СССР. Интервью с Олегом Царевым,"раскол,русск,православ,геополитическ,катастроф,сравним,распад,ссср,интерв,олег,цар"
Филарет не хочет обсуждать разногласия среди раскольников до Собора,"филарет,хотет,обсужда,разноглас,сред,раскольник,собор"
Иерусалимский патриархат принял сторону Константинополя в конфликте с РПЦ,"иерусалимск,патриархат,принима,сторон,константинопол,конфликт,рпц"
Глава УПЦ: Предоставление томоса породит новые расколы внутри православия,"глав,упц,предоставлен,томос,порожда,нов,раскол,внутр,православ"
Византийские игры патриарха Варфоломея,"византийск,игр,патриарх,варфолом"
Первый штурм православия не удался. Киев и Фанар приступили к правильной осаде,"перв,штурм,православ,удава,ки,фанар,приступа,правильн,осад"
"Помощник Варфоломея пообещал украинским раскольникам Томос в ""нужное время""","помощник,варфолом,пообеща,украинск,раскольник,томос,нужн,врем"
Глава УПЦ: Пусть Варфоломей устраняет раскол в своей епархии,"глав,упц,пуст,варфолом,устраня,раскол,сво,епарх"
Раскольники: Томос нужен Украине для борьбы с русским миром,"раскольник,томос,нужн,украин,борьб,русск,мир"
План для Украины: Сначала расколоть церковь,"план,украин,снача,раскалыва,церков"
Варфоломей: Россия подчинится решению Вселенского патриархата,"варфолом,росс,подчиня,решен,вселенск,патриархат"
"Фильм ""Донбасс"": расчеловечить ""донецких орков""","фильм,донбасс,расчеловеч,донецк,орк"
"Фильм ""Донбасс"": расчеловечить ""донецких орков""","фильм,донбасс,расчеловеч,донецк,орк"
"Украинские раскольники оценили шансы белорусских ""коллег"" на автокефалию","украинск,раскольник,оценива,шанс,белорусск,коллег,автокефал"
Видеоблог 162: Томос,"видеоблог,томос"
Порошенко под огнём критики: про президентские выборы можно забыть?,"порошенк,огн,м,критик,президентск,выбор,забыва"
Порошенко под огнём критики: про президентские выборы можно забыть?,"порошенк,огн,м,критик,президентск,выбор,забыва"
Подводные камни для украинского томоса,"подводн,камен,украинск,томос"
Разбитое корыто раскола,"разбит,корыт,раскол"
Парубий подписал постановление о санкциях против двух телеканалов за пропаганду России,"паруб,подписыва,постановлен,санкц,прот,телекана,пропаганд,росс"
Протоиерей Алексей Слюсаренко: Донбасс в 2014 году обеспечил своё будущее в лоне единой Русской Православной Церкви,"протоиер,алекс,слюсаренк,донбасс,год,обеспечива,сво,будущ,лон,един,русск,православн,церков"
"В Великобритании разрабатывают конкурента для ""супертанка Путина""","великобритан,разрабатыва,конкурент,супертанк,путин"
The Diplomat: Россия замалчивает провал проекта Су-57,"the,diplomat,росс,замалчива,прова,проект,су"
Патриотический агент Кремля: отделение козла от козлищ,"патриотическ,агент,кремл,отделен,козел,козлищ"
Патриотический агент Кремля: отделение козла от козлищ,"патриотическ,агент,кремл,отделен,козел,козлищ"
Максакова рассказала о захвате ее квартиры в Киеве‍,"максак,рассказыва,захват,квартир,ки"
Адвокат Януковича передал людям Трампа компромат на главарей путчистов,"адвокат,янукович,передава,человек,трамп,компромат,главар,путчист"
Натовское православие патриарха Варфоломея,"натовск,православ,патриарх,варфолом"
Обыграют ли Фанар и Ватикан Москву и Белград?,"обыгрыва,фанар,ватика,москв,белград"
Разбитое корыто раскола,"разбит,корыт,раскол"
"Андрей Стеценко - Украинские выборы: Киев разыгрывает карту защиты от ""вмешательства России""","андр,стеценк,украинск,выбор,ки,разыгрыва,карт,защит,вмешательств,росс"
РАЗОМ І ДО КІНЦЯ,"раз,нця"
Архиепископ Климент: Националисты уже убивают наших священников и захватывают храмы,"архиепископ,климент,националист,убива,наш,священник,захватыва,храм"
Мне никакого из вас не жаль! Реакция украинских соцсетей на взрыв в Керчи,"никак,жал,реакц,украинск,соцсет,взрыв,керч"
"Политический проект ""украинской автокефалии"" обречён на провал","политическ,проект,украинск,автокефал,обреч,н,прова"
"Политический проект ""украинской автокефалии"" обречён на провал","политическ,проект,украинск,автокефал,обреч,н,прова"
Константинополь и автокефалия для Украинской церкви глазами католиков,"константинопол,автокефал,украинск,церков,глаз,католик"
Офанаревший Порошенко и Третий рейх в Киеве,"офанарева,порошенк,трет,рейх,ки"
Россия делает еще один шаг к серьезному расколу в православной церкви (The New York Times),"росс,дела,шаг,серьезн,раскол,православн,церков,the,new,york,times"
Православному миру грозит раскол,"православн,мир,гроз,раскол"
Бортник: Автокефалией украинская власть отрывает народ от реальности,"бортник,автокефал,украинск,власт,отрыва,народ,реальност"
Золотарев: Порошенко сознательно уничтожает систему отношений государства и церкви,"золотар,порошенк,сознательн,уничтожа,систем,отношен,государств,церков"
РПЦ против Константинополя: кто кого переубедит и что дальше,"рпц,прот,константинопол,переубежда,далек"
Киев: как прошёл день нацистов,"ки,прош,л,ден,нацист"
Горькие уроки. Происки Константинополя против Русской православной церкви,"горьк,урок,происк,константинопол,прот,русск,православн,церков"
Православный раскол: Константинополь передавал Москве Киев и Львов. А хочет получить еще и Одессу,"православн,раскол,константинопол,передава,москв,ки,лев,хотет,получа,одесс"
"Гордон: Лучше бы ""революции достоинства"" не было","гордон,революц,достоинств"
Ночью неизвестные бросили коктейль Молотова в офис партии Порошенко,"ноч,неизвестн,броса,коктейл,молот,офис,парт,порошенк"
Украинское православие: отложенная расправа,"украинск,православ,откладыва,расправ"
Офанаревший Порошенко и Третий рейх в Киеве,"офанарева,порошенк,трет,рейх,ки"
Итоги недели. Что и как подрывает Украину,"итог,недел,подрыва,украин"
До Томоса будет тихо? Почему неонацисты побоялись захватывать храмы на Покров (ФОТО,"томос,тих,поч,неонацист,побоя,захватыва,храм,покр,фот"
"Как в Киеве отметили ""день УПА""","ки,отмеча,ден,уп"
Вселенский патриарх перебирается в Киев,"вселенск,патриарх,перебира,ки"
Как в Киеве празднуют духовный разрыв с Москвой,"ки,празднова,духовн,разр,москв"
"Ждем ""Термос"": Жители Киева отреагировали на заявление Кличко о горячей воде","ждат,термос,жител,ки,отреагирова,заявлен,кличк,горяч,вод"
Украинский томос: борьба за власть и очередная порция унижений для России,"украинск,томос,борьб,власт,очередн,порц,унижен,росс"
"Ждем ""Термос"": Жители Киева отреагировали на заявление Кличко о горячей воде","ждат,термос,жител,ки,отреагирова,заявлен,кличк,горяч,вод"
Вселенский патриарх перебирается в Киев,"вселенск,патриарх,перебира,ки"
Киевлян сгоняют на воскресный молебен за автокефалию,"киевлянин,сгоня,воскресн,молеб,автокефал"
Новинский: Захваты православных храмов на Украине разожгут гражданское противостояние,"новинск,захват,православн,храм,украин,разжига,гражданск,противостоян"
Украина должна на 90% сократить затраты на власть - Колесников,"украин,должн,сокраща,затрат,власт,колесник"
УПЦ: Никакой автокефалии и Томоса — раскольники остались раскольниками,"упц,никак,автокефал,томос,раскольник,остава,раскольник"
Зрада: Пропагандист майдана заявил,"зрад,пропагандист,майда,заявля"
Анатолий Степанов: Варфоломеевская дичь,"анатол,степан,варфоломеевск,дич"
Ночью неизвестные бросили коктейль Молотова в офис партии Порошенко,"ноч,неизвестн,броса,коктейл,молот,офис,парт,порошенк"
Ожидание раскола на Украине лишь усиливается,"ожидан,раскол,украин,лиш,усилива"
Время унижения России: как в Киеве Томос отмечали,"врем,унижен,росс,ки,томос,отмеча"
Порошенко старательно разжигает религиозную войну ради победы на выборах,"порошенк,старательн,разжига,религиозн,войн,рад,побед,выбор"
В РПЦ предлагают созвать Всеправославный собор для низложения патриарха Варфоломея,"рпц,предлага,созыва,всеправославн,собор,низложен,патриарх,варфолом"
Высокопоставленные чиновники ПАСЕ обвинили украинскую делегацию в недостойном поведении,"высокопоставлен,чиновник,пас,обвиня,украинск,делегац,недостойн,поведен"
Протоиерей Андрей Ткачев: России необходимо срочно менять внешнеполитическую риторику,"протоиер,андр,ткач,росс,необходим,срочн,меня,внешнеполитическ,риторик"
Великобритания отказала в выдаче свыше 60 россиян,"великобритан,отказыва,выдач,свыш,россиянин"
Украина против аэропорта: казаки в небо не летали,"украин,прот,аэропорт,казак,неб,лета"
В РПЦ предлагают созвать Всеправославный собор для низложения патриарха Варфоломея,"рпц,предлага,созыва,всеправославн,собор,низложен,патриарх,варфолом"
Украинские раскольники назвали дату получения томоса об автокефалии,"украинск,раскольник,называ,дат,получен,томос,автокефал"
Филарет призвал священников Московского патриархата присоединиться к украинским раскольникам,"филарет,призыва,священник,московск,патриархат,присоединя,украинск,раскольник"
Песков: Россия готова защищать православных на Украине,"песк,росс,готов,защища,православн,украин"
"Порошенко проверил готовность войск к отпору ""российской агрессии"" с Азова","порошенк,проверя,готовн,войск,отпор,российск,агресс,аз"
"Кремль пообещал защитить православных на Украине ""политико-дипломатическими"" методами","кремл,пообеща,защища,православн,украин,политик,дипломатическ,метод"
Россия прекращает поставки нефтепродуктов в Белоруссию,"росс,прекраща,поставк,нефтепродукт,белорусс"
Автокефалия: религиозный детонатор,"автокефал,религиозн,детонатор"
Украинские раскольники назвали дату получения томоса об автокефалии,"украинск,раскольник,называ,дат,получен,томос,автокефал"
Пентагон запретил летать на F-35,"пентагон,запреща,лета,f"
"Госдеп потребовал от Москвы отменить ""незаконные","госдеп,потребова,москв,отменя,незакон"
Озабоченные томосом,"озабочива,томос"
Волкер: Томос об автокефалии станет последней точкой в процессе расставания Украины с Россией,"волкер,томос,автокефал,станов,последн,точк,процесс,расставан,украин,росс"
Украинский томос: борьба за власть и очередная порция унижений для России,"украинск,томос,борьб,власт,очередн,порц,унижен,росс"
Автокефалией Порошенко пытается поднять свой рейтинг,"автокефал,порошенк,пыта,подыма,сво,рейтинг"
Андрей Стеценко - Автокефалия для Порошенко: Украина начала раскол в православном мире,"андр,стеценк,автокефал,порошенк,украин,начина,раскол,православн,мир"
Порошенко отклонил петицию о его несоответствующем Конституции обращении к Константинополю,"порошенк,отклоня,петиц,несоответствова,конституц,обращен,константинопол"
Две общины Украинской православной церкви будут судиться с Радой из-за томоса,"общин,украинск,православн,церков,суд,рад,томос"
Украинские раскольники опровергли информацию о получении томоса от Константинополя,"украинск,раскольник,опроверга,информац,получен,томос,константинопол"
Тука и Мосийчук заявили о предоставлении Украине Томоса об автокефалии УПЦ,"тук,мосийчук,заявля,предоставлен,украин,томос,автокефал,упц"
Кандидат в антихристы,"кандидат,антихрист"
Украина как посудная лавка для Константинопольского патриарха,"украин,посудн,лавк,константинопольск,патриарх"
Фальстарт: В правительстве Украины заявили о получении автокефалии,"фальстарт,правительств,украин,заявля,получен,автокефал"
Патриарх Кирилл: Церковный раскол на Украине несет в себе угрозу для общенациональной жизни,"патриарх,кирилл,церковн,раскол,украин,нест,угроз,общенациональн,жизн"
В Стамбуле начался синод по вопросу украинской автокефалии,"стамбул,начина,синод,вопрос,украинск,автокефал"
Смрад,смрад
Медведчук: Вмешиваясь в церковные дела Киев нарушает конституцию,"медведчук,вмешива,церковн,дел,ки,наруша,конституц"
На Украине ажиотаж с претендентами на должность Порошенко═,"украин,ажиотаж,претендент,должност,порошенк"
Варфоломей Первый против Третьего Рима,"варфолом,перв,прот,трет,рим"
Медведчук: Президент и Рада нарушают Конституцию Украины,"медведчук,президент,рад,наруша,конституц,украин"
Почему Россия только обороняется на украинском направлении?,"поч,росс,обороня,украинск,направлен"
Медведчук: Вмешиваясь в церковные дела Киев нарушает конституцию,"медведчук,вмешива,церковн,дел,ки,наруша,конституц"
Супрун призвала украинцев не сжигать опавшие листья,"супрун,призыва,украинец,сжига,опада,лист"
МИД Украины: Нужно показать,"мид,украин,нужн,показыва"
В Хмельницкой области 22 ребенка попали в больницу с отравлением,"хмельницк,област,ребенок,попада,больниц,отравлен"
Варфоломей Первый против Третьего Рима,"варфолом,перв,прот,трет,рим"
Стало известно,"станов,известн"
Друг раскола. Парубий пригласил патриарха Варфоломея на Украину,"друг,раскол,паруб,приглаша,патриарх,варфолом,украин"
"Диктатура мовы: ""Киева больше нет. Есть Кыив""","диктатур,мов,ки,кы"
Азаров: США,"азар,сша"
Азаров: Киев хочет объединить церковь путем уничтожения УПЦ МПа,"азар,ки,хотет,объединя,церков,пут,уничтожен,упц,мпа"
Азаров: Порошенко идёт на второй срок путём репрессий и запугивания,"азар,порошенк,ид,т,втор,срок,пут,м,репресс,запугиван"
Коричневые выборы,"коричнев,выбор"
Порошенко платит за рекламу Томоса из своего кармана,"порошенк,плат,реклам,томос,сво,карма"
Дела духовные и Порошенко,"дел,духовн,порошенк"
Таблетки для Украины,"таблетк,украин"
Крестовый поход Турчинова,"крестов,поход,турчин"
После томоса. Украину ждёт даже не религиозная война,"томос,украин,жд,т,религиозн,войн"
Митрополит Онуфрий рассказал о томосе,"митропол,онуфр,рассказыва,томос"
Таблетки для Украины,"таблетк,украин"
Крестовый поход Турчинова,"крестов,поход,турчин"
Подлость перед Богом. Червоненко заявил,"подлост,бог,червоненк,заявля"
Подлость перед Богом. Червоненко заявил,"подлост,бог,червоненк,заявля"
Верующие УПЦ провели молитву под окнами константинопольских экзархов,"вер,упц,провод,молитв,окн,константинопольск,экзарх"
На Порошенко подали в суд из-за автокефалии,"порошенк,подава,суд,автокефал"
"Турчинов перехватывает у Порошенко инициативу создания ""единой церкви"" – и уже возглавляет её","турчин,перехватыва,порошенк,инициатив,создан,един,церков,возглавля,е"
УПЦ: Константинополь вносит в Украине смуту,"упц,константинопол,внос,украин,смут"
Чем Вашингтон шантажирует патриарха Варфоломея?,"вашингтон,шантажирова,патриарх,варфолом"
ВАРФОЛОМЕЙ ОБЪЯВИЛ МОСКВЕ ВОЙНУ,"варфолом,объявля,москв,войн"
ПОСЛЕДНИЕ СВОДКИ — 29.09.2018 (ОБНОВЛЯЕТСЯ!),"последн,сводк,обновля"
Неонацисты захватили храм Украинской православной церкви в Ивано-Франковской области,"неонацист,захват,храм,украинск,православн,церков,ива,франковск,област"
"Управделами УПЦ МП сравнил автокефалию с ""сепаратистами"" ДНР и ЛНР","управдел,упц,мп,сравнива,автокефал,сепаратист,днр,лнр"
"УПЦ: ""Миротворец"" разжигает религиозную ненависть","упц,миротворец,разжига,религиозн,ненавист"
"После Томоса: в УПЦ МП предрекли ""многовековое разделение"" Украины","томос,упц,мп,предрека,многовеков,разделен,украин"
К русофобии добавили борьбу с православием,"русофоб,добавля,борьб,православ"
К русофобии добавили борьбу с православием,"русофоб,добавля,борьб,православ"
Автокефалия Украины: вмешается ли Эрдоган?,"автокефал,украин,вмешива,эрдога"
Автокефалия Украины: вмешается ли Эрдоган?,"автокефал,украин,вмешива,эрдога"
Почему в Почаевской лавре паломников стало меньше,"поч,почаевск,лавр,паломник,станов,мал"
Экс-депутат: ради наживы Порошенко специально втягивает Украину в религиозную войну,"экс,депутат,рад,нажив,порошенк,специальн,втягива,украин,религиозн,войн"
Глава УПЦ Московского патриархата отказался встречаться с экзархами Константинополя,"глав,упц,московск,патриархат,отказыва,встреча,экзарх,константинопол"
ЕСТЬ ЛИ ПРЕДЕЛ ЭЛЕКТОРАЛЬНОЙ ЕП…СТИ НАЦИИ,"предел,электоральн,еп,сти,нац"
Автокефалия Украине станет историческим потрясением - немецкие СМИ,"автокефал,украин,станов,историческ,потрясен,немецк,сми"
Глава УПЦ МП Онуфрий категорично отказался встречаться с экзархами Константинополя,"глав,упц,мп,онуфр,категоричн,отказыва,встреча,экзарх,константинопол"
Глава УПЦ Московского патриархата отказался встречаться с экзархами Константинополя,"глав,упц,московск,патриархат,отказыва,встреча,экзарх,константинопол"
Глава УПЦ МП Онуфрий категорично отказался встречаться с экзархами Константинополя,"глав,упц,мп,онуфр,категоричн,отказыва,встреча,экзарх,константинопол"
Патриарх Варфоломей: Украина имеет право на получение автокефалии,"патриарх,варфолом,украин,имет,прав,получен,автокефал"
ОЧЕНЬ ОДИНОКИЙ ПЕТУХ,"очен,одинок,петух"
На всё готовый Порошенко,"вс,готов,порошенк"
НА ЯЗЫКЕ ВРАЖДЫ,"язык,вражд"
П и иностранные агенты,"п,иностра,агент"
"Депутат ВР: Председатель правления ""Нафтогаза"" обокрал украинцев на 1","депутат,вр,председател,правлен,нафтогаз,обкрадыва,украинец"
П и иностранные агенты,"п,иностра,агент"
Ветераны Украины: Автокефалия разрушит православие на Украине,"ветера,украин,автокефал,разруша,православ,украин"
В десятки раз вырастут штрафы за нарушение ПДД на Украине,"десяток,выраста,штраф,нарушен,пдд,украин"
СМИ сообщили о тайном бизнесе в закрытой резиденции Порошенко,"сми,сообща,тайн,бизнес,закрыт,резиденц,порошенк"
Лавра и упыри,"лавр,упыр"
Зачем посланцы Константинополя привезли в Киев пособие по расизму,"посланец,константинопол,привоз,ки,пособ,расизм"
Порошенко выступил,"порошенк,выступа"
Киевский патриархат хочет получить томос до президентских выборов на Украине,"киевск,патриархат,хотет,получа,томос,президентск,выбор,украин"
Оппоблок призвал мировое сообщество бороться с тоталитаризмом на Украине,"оппоблок,призыва,миров,сообществ,борот,тоталитаризм,украин"
О ПОСЛАНИИ,послан
"Наместник Киево-Печерской лавры попал в базу данных ""Миротворца""","наместник,киев,печерск,лавр,попада,баз,дан,миротворец"
Порошенко не в курсе,"порошенк,курс"
ОП Союзного государства: Константинополь подрывает межправославное единство,"оп,союзн,государств,константинопол,подрыва,межправославн,единств"
Порошенко выступил,"порошенк,выступа"
ООН: С мая по август на Украине было совершено 6 нападений на храмы Московского патриархата,"оон,ма,август,украин,соверша,нападен,храм,московск,патриархат"
РПЦЗ: Экзархи Константинополя выполняют спецоперацию по легализации раскола на Украине,"рпцз,экзарх,константинопол,выполня,спецоперац,легализац,раскол,украин"
УПЦ МП: Националисты готовят 14 октября провокации в Почаевской и Киево-Печерской лаврах,"упц,мп,националист,готов,октябр,провокац,почаевск,киев,печерск,лавр"
РПЦ: Если раскольникам предоставят автокефалию,"рпц,раскольник,предоставля,автокефал"
УПЦ: Пусть Филарет считает не приходы,"упц,пуст,филарет,счита,приход"
Шухевич требует провести обыски православных Лавр на Украине,"шухевич,требова,провод,обыск,православн,лавр,украин"
УКРАИНА НА ПОРОГЕ РЕЛИГИОЗНОЙ ВОЙНЫ,"украин,порог,религиозн,войн"
РПЦ: Если раскольникам предоставят автокефалию,"рпц,раскольник,предоставля,автокефал"
РПЦЗ: Экзархи Константинополя выполняют спецоперацию по легализации раскола на Украине,"рпцз,экзарх,константинопол,выполня,спецоперац,легализац,раскол,украин"
Томософрения: последствия для православия и Украины,"томософрен,последств,православ,украин"
Экзарх Константинополя в Киеве оказался поклонником трудов украинского националиста,"экзарх,константинопол,ки,оказыва,поклонник,труд,украинск,националист"
Томософрения: последствия для православия и Украины,"томософрен,последств,православ,украин"
Греческий митрополит призвал Константинополь не признавать раскольников на Украине,"греческ,митропол,призыва,константинопол,признава,раскольник,украин"
ПОСЛЕДНИЕ СВОДКИ — 16.09.2018 (ОБНОВЛЯЕТСЯ!),"последн,сводк,обновля"
"Украина напряглась в ожидании ""неожиданного сюрприза"" от Порошенко","украин,напряга,ожидан,неожида,сюрприз,порошенк"
РПЦ выходит из всех структур под председательством Константинопольского патриархата,"рпц,выход,ве,структур,председательств,константинопольск,патриархат"
Анисимов: Это еще не война,"анисим,эт,войн"
РПЦ: Во всех храмах будут молиться за преодоление церковного раскола на Украине,"рпц,ве,храм,мол,преодолен,церковн,раскол,украин"
РПЦ: Вселенский патриархат нарушает правила,"рпц,вселенск,патриархат,наруша,прав"
Протоиерей Андрей Новиков: Надеюсь,"протоиер,андр,новик,надея"
Делегация РФ в ОБСЕ: США подталкивают мировое православие к расколу,"делегац,рф,обс,сша,подталкива,миров,православ,раскол"
РПЦ: Вселенский патриархат нарушает правила,"рпц,вселенск,патриархат,наруша,прав"
РПЦ: Во всех храмах будут молиться за преодоление церковного раскола на Украине,"рпц,ве,храм,мол,преодолен,церковн,раскол,украин"
РПЦ выходит из всех структур под председательством Константинопольского патриархата,"рпц,выход,ве,структур,председательств,константинопольск,патриархат"
Делегация РФ в ОБСЕ: США подталкивают мировое православие к расколу,"делегац,рф,обс,сша,подталкива,миров,православ,раскол"
Цифры и сценарий: Религиозная война на Украине станет следствием автокефалии,"цифр,сценар,религиозн,войн,украин,станов,следств,автокефал"
Патриарх Кирилл: Назначение Константинополем экзархов на Украине повторяет события 1920-х годов,"патриарх,кирилл,назначен,константинопол,экзарх,украин,повторя,событ,х,год"
Константинополь отреагировал на возможные действия РПЦ в ответ на автокефалию украинской церкви,"константинопол,отреагирова,возможн,действ,рпц,ответ,автокефал,украинск,церков"
Священный синод РПЦ огласит свою позицию по автокефалии украинской церкви,"священ,синод,рпц,оглаша,сво,позиц,автокефал,украинск,церков"
Представитель УПЦ сообщил на совещании ОБСЕ о нарушении прав прихожан Московского патриархата,"представител,упц,сообща,совещан,обс,нарушен,прав,прихожанин,московск,патриархат"
РПЦ: Автокефалия Украины может привести к расколу,"рпц,автокефал,украин,моч,привод,раскол"
Церковный раскол на Украине: Автокефалия или колония Константинополя?,"церковн,раскол,украин,автокефал,колон,константинопол"
Церковный раскол на Украине: Автокефалия или колония Константинополя?,"церковн,раскол,украин,автокефал,колон,константинопол"
Крестовый поход против Православия как элемент гибридной войны,"крестов,поход,прот,православ,элемент,гибридн,войн"
"Тихон Гончаров: Новый церковный раскол разбивает попытки Москвы ""договориться"" о мягкой сдаче Украины","тихон,гончар,нов,церковн,раскол,разбива,попытк,москв,договарива,мягк,сдач,украин"
"Поставка Константинопольским патриархатом на Украину двух ""церковных джавелинов"" - проявление папизма Константинополя","поставк,константинопольск,патриархат,украин,церковн,джавелин,проявлен,папизм,константинопол"
КОНСТАНТИНОПОЛЬСКИЙ ПАТРИАРХАТ НАЧАЛ ВОЙНУ,"константинопольск,патриархат,начина,войн"
Александр Халдей - Русское отрезвление: значение решения Константинополя по Украине,"александр,халд,русск,отрезвлен,значен,решен,константинопол,украин"
Нацисты,нацист
"Поставка Константинопольским патриархатом на Украину двух ""церковных джавелинов"" – проявление папизма Константинополя","поставк,константинопольск,патриархат,украин,церковн,джавелин,проявлен,папизм,константинопол"
"Сможет ли украинская ""команда идиотов"" построить нацистское государство","смоч,украинск,команд,идиот,постро,нацистск,государств"
Что стоит за действиями Константинопольского Патриарха на Украине,"стоя,действ,константинопольск,патриарх,украин"
"Сможет ли украинская ""команда идиотов"" построить нацистское государство","смоч,украинск,команд,идиот,постро,нацистск,государств"
Это конец: Копатько заявил,"эт,конец,копатьк,заявля"
Легойда: РПЦ готовит жесткий ответ на действия Константинополя по Украине,"легойд,рпц,готов,жестк,ответ,действ,константинопол,украин"
Константинопольский патриархат начал войну,"константинопольск,патриархат,начина,войн"
РПЦ: Действия патриарха Варфоломея нужно предать межправославному церковному суду,"рпц,действ,патриарх,варфолом,нужн,предава,межправославн,церковн,суд"
Шеслер: Томос — только повод. Цель — разрушение православия,"шеслер,томос,повод,цел,разрушен,православ"
"ГЛАВКОМ НАЧАЛ ТВОРЧЕСКИ ЭКСПЛУАТИРОВАТЬ КОНЦЕПЦИЮ ""NAZI 2.0""","главк,начина,творческ,эксплуатирова,концепц,nazi"
Шеслер: Томос — только повод. Цель — разрушение православия,"шеслер,томос,повод,цел,разрушен,православ"
Монолог Константинопольского патриарха: Последствия решений Варфоломея могут оказаться непоправимыми,"монолог,константинопольск,патриарх,последств,решен,варфолом,моч,оказыва,непоправим"
РПЦЗ: Действия Константинополя на Украине угрожают единству православия,"рпцз,действ,константинопол,украин,угрожа,единств,православ"
Константинопольский патриархат продолжает наступление на Украине,"константинопольск,патриархат,продолжа,наступлен,украин"
Константинопольский патриархат начал войну,"константинопольск,патриархат,начина,войн"
"Порошенко: Украина не собирается ""спрашивать разрешения у России"" по вопросу автокефалии","порошенк,украин,собира,спрашива,разрешен,росс,вопрос,автокефал"
РПЦ: Патриарх Варфоломей хочет стать восточным Папой и контролировать все православие,"рпц,патриарх,варфолом,хотет,станов,восточн,пап,контролирова,ве,православ"
РПЦ: Действия патриарха Варфоломея нужно предать межправославному церковному суду,"рпц,действ,патриарх,варфолом,нужн,предава,межправославн,церковн,суд"
РПЦ: Действия патриарха Варфоломея нужно предать межправославному церковному суду,"рпц,действ,патриарх,варфолом,нужн,предава,межправославн,церковн,суд"
Ничего мы у Путина спрашивать не будем,"ничт,путин,спрашива"
РПЦ ответит на назначение патриархом Варфоломеем американских епископов на Украине,"рпц,отвеча,назначен,патриарх,варфолом,американск,епископ,украин"
Заявления Константинополя вызывают недоумение — пресс-служба Московской Патриархии,"заявлен,константинопол,вызыва,недоумен,пресс,служб,московск,патриарх"
Волга: Мы проиграли Украину почти окончательно,"волг,проигрыва,украин,окончательн"
Заявления Константинополя вызывают недоумение - пресс-служба Московской Патриархии,"заявлен,константинопол,вызыва,недоумен,пресс,служб,московск,патриарх"
Автокефалия Украинской церкви: новому расколу быть?,"автокефал,украинск,церков,нов,раскол"
Андрей Стеценко - Раскольники врут о томосе как сивые мерины: обзор религиозной жизни Украины,"андр,стеценк,раскольник,врат,томос,сив,мерин,обзор,религиозн,жизн,украин"
Глава пресс-службы УПЦ МП: У украинской власти нет шансов продлить свое существование,"глав,пресс,служб,упц,мп,украинск,власт,шанс,продля,сво,существован"
Томос для Украины: уврачевание или новый раскол,"томос,украин,уврачеван,нов,раскол"
Путь к Томосу и анафема Филарета. Что решили по Украине в Стамбуле,"пут,томос,анафем,филарет,реша,украин,стамбул"
Война всех против всех: В Украине стартовал новый политсезон,"войн,прот,украин,стартова,нов,политсезон"
Война всех против всех: В Украине стартовал новый политсезон,"войн,прот,украин,стартова,нов,политсезон"
Митрополит Иларион: Автокефалия нужна Порошенко для поднятия собственного рейтинга,"митропол,иларион,автокефал,нужн,порошенк,поднят,собствен,рейтинг"
Расколет все тело мирового православия. Томос: все сценарии,"раскалыва,тел,миров,православ,томос,ве,сценар"
Константинополь не может своим решением предоставить Украине Томос об автокефалии,"константинопол,моч,сво,решен,предоставля,украин,томос,автокефал"
"Константинопольский Патриархат не может принять решение, противоречащее позиции Русской Церкви","константинопольск,патриархат,моч,принима,решен,противореч,позиц,русск,церков"
Будет ли томос? Украина на пороге религиозной войны,"томос,украин,порог,религиозн,войн"
Митрополит Иларион: Автокефалия нужна Порошенко для поднятия собственного рейтинга,"митропол,иларион,автокефал,нужн,порошенк,поднят,собствен,рейтинг"
Украинские СМИ: Варфоломей сказал патриарху Кириллу о решении дать УПЦ томос,"украинск,сми,варфолом,сказа,патриарх,кирилл,решен,дава,упц,томос"
Поляки,поляк
Кровь не пугает власти. Украина на грани религиозной войны,"кров,пуга,власт,украин,гран,религиозн,войн"
"Порошенко пошел в ""патриархи""","порошенк,пойт,патриарх"
Как бы священник как бы церкви нацистов — рассказ человека,"священник,церков,нацист,рассказ,человек"
Как бы священник как бы церкви нацистов — рассказ человека,"священник,церков,нацист,рассказ,человек"
"Сожрите друг друга: ""криптоватники"" в ожидании схватки Юли и Порошенко","сжира,друг,друг,криптоватник,ожидан,схватк,юл,порошенк"
А ДРУГОГО ВЫХОДА НЕТ. ИЛИ ЖЕ ЕСТЬ? НЕ ЗНАЮ…,"выход,знат"
"Сожрите друг друга: ""криптоватники"" в ожидании схватки Юли и Порошенко","сжира,друг,друг,криптоватник,ожидан,схватк,юл,порошенк"
Россия давно не получала по наглой морде,"росс,давн,получа,нагл,морд"
"Гримасы ""гибридной войны""","гримас,гибридн,войн"
"Гримасы ""гибридной войны""","гримас,гибридн,войн"
ИМЕННО ТАК РАБОТАЕТ КОВАРНАЯ КРЕМЛЕВСКАЯ ПРОПАГАНДА,"имен,работа,коварн,кремлевск,пропаганд"
Тонкая кремлевская линия,"тонк,кремлевск,лин"
Тонкая кремлевская линия,"тонк,кремлевск,лин"
Украинская автокефалия – это элемент плана по расчленению Евразии.,"украинск,автокефал,эт,элемент,план,расчленен,евраз"
"Украинская автокефалия – это элемент плана по расчленению Евразии. Интервью Андрея Пургина ИА ""Антифашист""","украинск,автокефал,эт,элемент,план,расчленен,евраз,интерв,андр,пургин,и,антифашист"
Украина ждет падения гривны,"украин,ждат,паден,гривн"
Украинский депутат заподозрил Патриарха Кирилла в организации провокаций на Украине,"украинск,депутат,заподозрива,патриарх,кирилл,организац,провокац,украин"
Католичка Руслана Лыжечко на русском языке рекламирует Томос в соцсетях,"католичк,русла,лыжечк,русск,язык,рекламирова,томос,соцсет"
В Киеве не сомневаются в обретении томоса и ждут массу перебежчиков из УПЦ МП,"ки,сомнева,обретен,томос,ждат,масс,перебежчик,упц,мп"
"Выборная стратегия Порошенко: ""никто кроме меня""","выборн,стратег,порошенк,никт,кром"
Украинский депутат заподозрил Патриарха Кирилла в организации провокаций против православных на Украине,"украинск,депутат,заподозрива,патриарх,кирилл,организац,провокац,прот,православн,украин"
Кто на Украине желает автокефалии и зачем,"украин,жела,автокефал"
Украина — на пороге гражданской религиозной войны,"украин,порог,гражданск,религиозн,войн"
"Деградация Украины - цена ""сдерживания"" России","деградац,украин,цен,сдерживан,росс"
Церковная руина: готовность к религиозной войне,"церковн,руин,готовн,религиозн,войн"
"Деградация Украины — цена ""сдерживания"" России","деградац,украин,цен,сдерживан,росс"
Церковная руина: готовность к религиозной войне,"церковн,руин,готовн,религиозн,войн"
"Деградация Украины - цена ""сдерживания"" России","деградац,украин,цен,сдерживан,росс"
Пока есть Филарет,"пок,филарет"
Украинская православная церковь осудила рейдерство сторонников автокефалии,"украинск,православн,церков,осужда,рейдерств,сторонник,автокефал"
"Поп-расстрига Филарет при поддержке ""его святейшества"" Порошенко готовят передел церковного майна","поп,расстриг,филарет,поддержк,святейшеств,порошенк,готов,передел,церковн,майн"
"Деградация Украины — цена ""сдерживания"" России","деградац,украин,цен,сдерживан,росс"
Филарет признался: Война позволила ему увеличить число прихожан,"филарет,признава,войн,позволя,увеличива,числ,прихожанин"
Крестный ход в Киеве – изнутри,"крестн,ход,ки,изнутр"
Филарет признался: Война позволила ему увеличить число прихожан,"филарет,признава,войн,позволя,увеличива,числ,прихожанин"
"Андрей Стеценко - ""Мы живы","андр,стеценк,жив"
Томос просят для отсутствующих прихожан: в Сети ищут фото массового Крестного хода филаретовских раскольников,"томос,прос,отсутств,прихожанин,сет,иска,фот,массов,крестн,ход,филаретовск,раскольник"
Украина в шаге от нового раскола и религиозной войны,"украин,шаг,нов,раскол,религиозн,войн"
Томос просят для отсутствующих прихожан: в Сети ищут фото массового Крестного хода филаретовских раскольников,"томос,прос,отсутств,прихожанин,сет,иска,фот,массов,крестн,ход,филаретовск,раскольник"
Митрополит Иларион: украинская автокефалия абсурдна по церковному праву,"митропол,иларион,украинск,автокефал,абсурдн,церковн,прав"
На пути в Европу: Украинский режиссер предложил вернуть страну в средние века,"пут,европ,украинск,режиссер,предлага,вернут,стран,средн,век"
Антихристианская Украина накануне 1030-летия крещения Руси,"антихристианск,украин,наканун,лет,крещен,ру"
Антихристианская Украина накануне 1030-летия крещения Руси,"антихристианск,украин,наканун,лет,крещен,ру"
ПОСЛЕДНИЕ СВОДКИ — 27.07.2018 (ОБНОВЛЯЕТСЯ!),"последн,сводк,обновля"
Накануне Крестного хода в Киеве Порошенко пытается его сорвать,"наканун,крестн,ход,ки,порошенк,пыта,сорва"
Украинские силовики не пускают православных на Крестный ход в Киеве,"украинск,силовик,пуска,православн,крестн,ход,ки"
Украинские силовики не пускают православных на Крестный ход в Киеве,"украинск,силовик,пуска,православн,крестн,ход,ки"
Константинополь не должен пасть!,"константинопол,должн,паст"
Православие украинского разлива: Патриарх хвалит Гитлера и благословляет на убийства,"православ,украинск,разл,патриарх,хвал,гитлер,благословля,убийств"
Константинополь не должен пасть!,"константинопол,должн,паст"
Пушилин: Киевский режим провоцирует религиозный конфликт на Украине,"пушилин,киевск,реж,провоцирова,религиозн,конфликт,украин"
Рудяков: Порошенко начал президентскую кампанию с крайне воинственных заявлений,"рудяк,порошенк,начина,президентск,кампан,крайн,воинствен,заявлен"
Молчанов: Украина не получит Томос,"молчан,украин,получа,томос"
Молчанов: Украина не получит Томос,"молчан,украин,получа,томос"
Филарет пообещал автокефалию УПЦ КП уже в этом году,"филарет,пообеща,автокефал,упц,кп,год"
Пушилин: Киевский режим провоцирует религиозный конфликт на Украине,"пушилин,киевск,реж,провоцирова,религиозн,конфликт,украин"
Скворцов: сторонники томоса устроят религиозный геноцид на Украине,"скворц,сторонник,томос,устраива,религиозн,геноцид,украин"
Скворцов: сторонники томоса устроят религиозный геноцид на Украине,"скворц,сторонник,томос,устраива,религиозн,геноцид,украин"
Филарет пообещал автокефалию УПЦ КП уже в этом году,"филарет,пообеща,автокефал,упц,кп,год"
Нужна ли Украине автокефалия,"нужн,украин,автокефал"
Нужна ли Украине автокефалия,"нужн,украин,автокефал"
"Андрей Стеценко - ""Отступить под давлением Москвы нельзя!"": идёт война за церковь на Украине","андр,стеценк,отступа,давлен,москв,ид,т,войн,церков,украин"
На плечи патриарха Кирилла легла огромная ответственность,"плеч,патриарх,кирилл,лож,огромн,ответствен"
ВСЕ ЖДУТ,ждат
Распад,распад
Распад,распад
ОСЬ АВАКОВ-ГРОЙСМАН: ПРОКТОЛОГИЧЕСКИЙ АСПЕКТ,"о,авак,гройсма,проктологическ,аспект"
Прольётся кровь: РПЦ предостерегает от попыток захвата храмов на Украине,"прол,тся,кров,рпц,предостерега,попытк,захват,храм,украин"
Ось Аваков-Гройсман: проктологический аспект,"о,авак,гройсма,проктологическ,аспект"
В РПЦ предупредили: Легитимация раскола на Украине обернется кровопролитием,"рпц,предупрежда,легитимац,раскол,украин,обертыва,кровопролит"
В РПЦ предупредили: Легитимация раскола на Украине обернется кровопролитием,"рпц,предупрежда,легитимац,раскол,украин,обертыва,кровопролит"
Зачем Киев готов развязать религиозную войну,"ки,готов,развязыва,религиозн,войн"
"Будет ""томос"" - не будет Вселенского патриархата","томос,вселенск,патриархат"
ГЛАВКОМ ВКЛЮЧИЛ РЕЖИМ ЖДУН,"главк,включа,реж,ждун"
Петр Порошенко: в ожидании указания небес,"петр,порошенк,ожидан,указан,неб"
"Уроки одного Томоса: почему Украине не нужен ""польский сценарий""","урок,томос,поч,украин,нужн,польск,сценар"
Шизофрения и высокая политика: Зачем Россия поддерживает русофобскую Украину?,"шизофрен,высок,политик,росс,поддержива,русофобск,украин"
Шизофрения и высокая политика: Зачем Россия поддерживает русофобскую Украину?,"шизофрен,высок,политик,росс,поддержива,русофобск,украин"
"Создатели самостийной церкви"" на Украине следуют курсу Запада на расчеловечивание""","создател,самостийн,церков,украин,следова,курс,запад,расчеловечиван"
Филарет надеется ослабить позиции РПЦ автокефалией украинской церкви,"филарет,надея,ослабля,позиц,рпц,автокефал,украинск,церков"
Украинский лжепатриарх Филарет шантажирует православные церкви Московского патриархата на Украине,"украинск,лжепатриарх,филарет,шантажирова,православн,церков,московск,патриархат,украин"
"Заявление православных братств Донбасса о неприятии т.н. ""Поместной украинской церкви""","заявлен,православн,братств,донбасс,неприят,т,н,поместн,украинск,церков"
"Сербский патриарх попал в базу сайта ""Миротворец""","сербск,патриарх,попада,баз,сайт,миротворец"
"Порошенко заявил об отделении украинской церкви от патриархата ""страны-агрессора""","порошенк,заявля,отделен,украинск,церков,патриархат,стран,агрессор"
Украина и Церковь: к выздоровлению и очищению (заметки православного киевлянина),"украин,церков,выздоровлен,очищен,заметк,православн,киевлянин"
"Патриарх Варфоломей уже подготовил томос о ""единой поместной церкви"" Украины?","патриарх,варфолом,подготов,томос,един,поместн,церков,украин"
