TITLE,TOKENS,TOKENS-VAD,V-MED,A-MED,D-MED
"Предстоятель УПЦ рассказал о ""Томосе рабства"" ПЦУ и предрек ее переход под омофор Папы Римского","предстоятел,упц,рассказыва,томос,рабств,пцу,предрека,переход,омофор,пап,римск","рабств (0.052;0.783;0.218) ,переход (0.605;0.561;0.558) ",0.329,0.672,0.388
"Томос рабства. Глава УПЦ высказался об ""автокефалии ПЦУ""","томос,рабств,глав,упц,высказыва,автокефал,пцу","рабств (0.052;0.783;0.218) ,глав (0.550;0.410;0.345) ",0.301,0.597,0.281
Новое падение Константинополя: Украинские раскольники осквернили пещеру Апокалипсиса,"нов,паден,константинопол,украинск,раскольник,оскверня,пещер,апокалипсис","нов (0.917;0.490;0.582) ,паден (0.516;0.583;0.397) ,оскверня (0.255;0.806;0.509) ",0.563,0.626,0.496
Предстоятель УПЦ митрополит Онуфрий резко отверг идею о компромиссе с раскольниками,"предстоятел,упц,митропол,онуфр,резк,отверга,иде,компромисс,раскольник","резк (0.250;0.808;0.556) ,отверга (0.083;0.637;0.422) ",0.167,0.723,0.489
Внешний облик Порошенко в монастыре высмеяли в web-сети,"внешн,облик,порошенк,монастыр,высмеива,web,сет",монастыр (0.438;0.413;0.475) ,0.438,0.413,0.475
Вынашивает томос или украл икону: в Сети смеются над Порошенко в странном пиджаке (+ВИДЕО,"вынашива,томос,украст,икон,сет,смея,порошенк,стран,пиджак,виде","украст (0.021;0.856;0.528) ,виде (0.646;0.577;0.427) ",0.334,0.716,0.478
"У Порошенко есть план ""П"" — что бы это значило (ВИДЕО)","порошенк,план,п,эт,знач,виде",виде (0.646;0.577;0.427) ,0.646,0.577,0.427
Украинские раскольники отменят платки для женщин и начнут отпевать католиков,"украинск,раскольник,отменя,платок,женщин,начина,отпева,католик","женщин (0.865;0.500;0.578) ,начина (0.490;0.480;0.387) ",0.677,0.49,0.482
Надувная свинка как символ радикальной революции,"надувн,свинк,символ,радикальн,революц","надувн (0.510;0.510;0.400) ,свинк (0.099;0.410;0.311) ",0.304,0.46,0.356
"Украинские раскольники написали к выборам новую ""молитву""","украинск,раскольник,написа,выбор,нов,молитв",нов (0.917;0.490;0.582) ,0.917,0.49,0.582
В Сети раскритиковали Порошенко за передачу новой техники ВСУ,"сет,раскритиковыва,порошенк,передач,нов,техник,всу","передач (0.615;0.520;0.455) ,нов (0.917;0.490;0.582) ",0.766,0.505,0.518
Порошенко обходится украинцам в миллиард гривен,"порошенк,обход,украинец,миллиард,гривн",обход (0.531;0.571;0.473) ,0.531,0.571,0.473
ТОЛЬКО ПРИНУДИТЕЛЬНАЯ КАСТРАЦИЯ СО ВСЕМИ ВЫТЕКАЮЩИМИ ПОСЛЕДСТВИЯМИ,"принудительн,кастрац,ве,вытека,последств","принудительн (0.180;0.721;0.458) ,кастрац (0.198;0.735;0.381) ,последств (0.470;0.578;0.379) ",0.283,0.678,0.406
Встреча с Порошенко: начались столкновения (+ФОТО,"встреч,порошенк,начина,столкновен,фот","начина (0.490;0.480;0.387) ,столкновен (0.293;0.918;0.453) ",0.391,0.699,0.42
И вновь продолжается бой: на Украине яростно воюют с российскими книгами,"внов,продолжа,бо,украин,яростн,воева,российск,книг","внов (0.688;0.422;0.552) ,бо (0.010;0.775;0.245) ,яростн (0.062;0.953;0.598) ",0.253,0.717,0.465
Главная интрига президентских выборов на Украине,"главн,интриг,президентск,выбор,украин",интриг (0.500;0.406;0.573) ,0.5,0.406,0.573
ООН в ужасе от религиозного конфликта на Украине,"оон,ужас,религиозн,конфликт,украин","ужас (0.061;0.852;0.409) ,конфликт (0.335;0.906;0.471) ",0.198,0.879,0.44
НОВЫЙ ПРЕЗИДЕНТ И НОВЫЙ ПРЕМЬЕР,"нов,президент,нов,премьер","нов (0.917;0.490;0.582) ,нов (0.917;0.490;0.582) ",0.917,0.49,0.582
Почему американцы боятся украинских выборов,"поч,американец,боя,украинск,выбор",боя (0.240;0.733;0.509) ,0.24,0.733,0.509
Порошенко бегает от людей и от своего второго президентского срока,"порошенк,бега,человек,сво,втор,президентск,срок","бега (0.448;0.519;0.349) ,срок (0.406;0.769;0.411) ",0.427,0.644,0.38
Мочит губы: Администрация Порошенко прокомментировала алкогольные пристрастия президента,"моч,губ,администрац,порошенк,прокомментирова,алкогольн,пристраст,президент",моч (0.449;0.529;0.391) ,0.449,0.529,0.391
"Представительство ""ПЦУ"" в Европарламенте закрыто после жалоб правозащитника","представительств,пцу,европарламент,закрыва,жалоб,правозащитник","закрыва (0.385;0.456;0.475) ,жалоб (0.143;0.606;0.281) ",0.264,0.531,0.378
"Албанская православная церковь отказалась признавать раскольников из ""ПЦУ""","албанск,православн,церков,отказыва,признава,раскольник,пцу",отказыва (0.235;0.509;0.321) ,0.235,0.509,0.321
Порошенко отступил,"порошенк,отступа",отступа (0.312;0.525;0.278) ,0.312,0.525,0.278
Добкин не исключил развитие психического расстройства у Порошенко,"добкин,исключа,развит,психическ,расстройств,порошенк","исключа (0.408;0.413;0.526) ,расстройств (0.115;0.816;0.218) ",0.262,0.614,0.372
Раскольник Епифаний пообещал помиловать священников канонической УПЦ после покаяния,"раскольник,епифан,пообеща,помилова,священник,каноническ,упц,покаян",покаян (0.417;0.604;0.324) ,0.417,0.604,0.324
Варфоломей отказался обсуждать украинскую автокефалию с другими церквями,"варфолом,отказыва,обсужда,украинск,автокефал,церков","отказыва (0.235;0.509;0.321) ,обсужда (0.396;0.769;0.509) ",0.316,0.639,0.415
УПЦ обвинила власти украинских городов в захвате православных церквей,"упц,обвиня,власт,украинск,город,захват,православн,церков","обвиня (0.133;0.752;0.500) ,город (0.847;0.531;0.508) ,захват (0.357;0.650;0.537) ",0.446,0.644,0.515
Отняли паспорт и со спецназом выслали в США: украинский епископ напишет Трампу про религиозный беспредел Киева,"отнима,паспорт,спецназ,высыла,сша,украинск,епископ,написа,трамп,религиозн,беспредел,ки","высыла (0.281;0.725;0.452) ,ки (0.521;0.433;0.484) ",0.401,0.579,0.468
ПОСЛЕДНИЕ СВОДКИ — 01.03.2019 (ОБНОВЛЯЕТСЯ!),"последн,сводк,обновля",обновля (0.656;0.633;0.541) ,0.656,0.633,0.541
Это случайность. В Администрации Порошенко пояснили,"эт,случайн,администрац,порошенк,поясня",случайн (0.319;0.784;0.307) ,0.319,0.784,0.307
ВРАГ ПОПЫТАЛСЯ НАНЕСТИ УДАР В САМОЕ СВЯТОЕ МЕСТО,"враг,попыта,нанос,удар,сам,свят,мест","враг (0.135;0.794;0.591) ,удар (0.385;0.546;0.463) ,мест (0.427;0.410;0.312) ",0.316,0.583,0.455
ПОСЛЕДНИЕ СВОДКИ — 27.02.2019 (ОБНОВЛЯЕТСЯ!),"последн,сводк,обновля",обновля (0.656;0.633;0.541) ,0.656,0.633,0.541
На Украине школьники будут сдавать экзамены по томосу,"украин,школьник,сдава,экзам,томос",экзам (0.479;0.663;0.577) ,0.479,0.663,0.577
ВЕНТИЛЯТОР НАБИРАЕТ ОБОРОТЫ,"вентилятор,набира,оборот",оборот (0.367;0.422;0.353) ,0.367,0.422,0.353
Юрий Кнутов: Порошенко готов на всё ради президентского кресла,"юр,кнут,порошенк,готов,вс,рад,президентск,кресл","кнут (0.208;0.899;0.509) ,готов (0.847;0.500;0.412) ,рад (0.573;0.402;0.358) ",0.543,0.6,0.426
"Итоги недели. ""Бандера не встал""","итог,недел,бандер,встава",встава (0.541;0.582;0.455) ,0.541,0.582,0.455
Русский экзархат в Западной Европе объявил о неповиновении Константинополю,"русск,экзархат,западн,европ,объявля,неповиновен,константинопол",западн (0.177;0.775;0.508) ,0.177,0.775,0.508
Националисты захватили еще одну церковь на Волыни,"националист,захват,церков,волын",захват (0.357;0.650;0.537) ,0.357,0.65,0.537
Камнем под глаз: На Волыни люди в масках атаковали храм УПЦ и травмировали прихожан,"камен,глаз,волын,человек,маск,атакова,храм,упц,травмирова,прихожанин",маск (0.510;0.472;0.241) ,0.51,0.472,0.241
"Мировой тренд: ""код Порошенко"" и уличные бунты","миров,тренд,код,порошенк,уличн,бунт",бунт (0.323;0.890;0.549) ,0.323,0.89,0.549
Религиозная война на Украине: католики-униаты готовятся служить в Киевской Софии,"религиозн,войн,украин,католик,униат,готов,служ,киевск,соф",готов (0.847;0.500;0.412) ,0.847,0.5,0.412
ПЕТР АЛЕКСЕЕВИЧ УЖЕ НАЧИНАЕТ ПИАРИТЬСЯ НА ПУТИНЕ,"петр,алексеевич,начина,пиар,путин",начина (0.490;0.480;0.387) ,0.49,0.48,0.387
Валерий Скороходов: СБУ обвиняет спецслужбы РФ в нападении на храмы УПЦ,"валер,скороход,сбу,обвиня,спецслужб,рф,нападен,храм,упц","обвиня (0.133;0.752;0.500) ,нападен (0.167;0.848;0.550) ",0.15,0.8,0.525
Ложь и террор режима не исцелят Украину,"лож,террор,реж,исцеля,украин","лож (0.130;0.725;0.272) ,террор (0.069;0.902;0.415) ",0.1,0.814,0.344
Обострение на Донбассе: Порошенко решил развязать войну для выборов,"обострен,донбасс,порошенк,реша,развязыва,войн,выбор","обострен (0.344;0.810;0.480) ,развязыва (0.542;0.463;0.472) ",0.443,0.637,0.476
"Киевляне увидели в ""томос-туре"" Порошенко предвыборную агитацию","киевлянин,увидет,томос,тур,порошенк,предвыборн,агитац","тур (0.663;0.545;0.543) ,агитац (0.240;0.931;0.447) ",0.452,0.738,0.495
В Порошенко вживили загадочную штуку (ФОТО),"порошенк,вживля,загадочн,штук,фот",загадочн (0.219;0.548;0.443) ,0.219,0.548,0.443
Вероломное вторжение на чужую землю: в Болгарской Церкви обвинили Варфоломея в пособничестве властям Украины,"вероломн,вторжен,чуж,земл,болгарск,церков,обвиня,варфолом,пособничеств,власт,украин","вероломн (0.102;0.683;0.304) ,обвиня (0.133;0.752;0.500) ,пособничеств (0.643;0.533;0.569) ",0.293,0.656,0.458
Томос для Киевского патриархата: Говорим ПЦУ,"томос,киевск,патриархат,говор,пцу",говор (0.765;0.472;0.500) ,0.765,0.472,0.5
ЧТО ПРОИЗОШЛО СО ШКУРОЙ ГОРНОГО КОЗЛА?,"происход,шкур,горн,козел","происход (0.646;0.529;0.555) ,горн (0.479;0.588;0.391) ",0.562,0.558,0.473
Тимошенко возвращает себе лидерство. Ход за Порошенко,"тимошенк,возвраща,лидерств,ход,порошенк","возвраща (0.380;0.451;0.519) ,ход (0.643;0.412;0.450) ",0.512,0.431,0.485
"Варфоломей не приехал на ""интронизацию"" главы украинских раскольников","варфолом,приезжа,интронизац,глав,украинск,раскольник",глав (0.550;0.410;0.345) ,0.55,0.41,0.345
"Операция ""Анти-Афон"": Константинопольский патриархат дискредитирует святогорцев","операц,ант,афон,константинопольск,патриархат,дискредитирова,святогорец","ант (0.365;0.412;0.384) ,дискредитирова (0.075;0.529;0.355) ",0.22,0.471,0.369
"ЭМИССАРЫ АДЕПТА ""ХОЛОДНОГО МИРА"" ЛЕЗУТ ВО ВСЕ ЩЕЛИ","эмиссар,адепт,холодн,мир,лезт,ве,щел","холодн (0.398;0.538;0.348) ,щел (0.406;0.490;0.366) ",0.402,0.514,0.357
Варфоломей пропустит интронизацию Епифания в Киеве - СМИ,"варфолом,пропуска,интронизац,епифан,ки,сми",ки (0.521;0.433;0.484) ,0.521,0.433,0.484
"Фанар не добился от Грузинской церкви признания ""украинской автокефалии""","фанар,добива,грузинск,церков,признан,украинск,автокефал",признан (0.469;0.642;0.460) ,0.469,0.642,0.46
Патриарх Московский и всея Руси Кирилл собрался в Киев,"патриарх,московск,ве,ру,кирилл,собира,ки",ки (0.521;0.433;0.484) ,0.521,0.433,0.484
Религиозные диверсанты рвутся в Россию,"религиозн,диверсант,рват,росс",диверсант (0.250;0.804;0.407) ,0.25,0.804,0.407
Православная церковь США отказалась признать ПЦУ,"православн,церков,сша,отказыва,признава,пцу",отказыва (0.235;0.509;0.321) ,0.235,0.509,0.321
Самовисування. Куда ходят избиратели Украины,"самовисуван,ход,избирател,украин",ход (0.643;0.412;0.450) ,0.643,0.412,0.45
Православная церковь Америки отказалась признать ПЦУ,"православн,церков,америк,отказыва,признава,пцу",отказыва (0.235;0.509;0.321) ,0.235,0.509,0.321
"Украина. ""Жила грешно и умерла смешно""","украин,жит,грешн,умира,смешн","грешн (0.143;0.788;0.417) ,умира (0.040;0.664;0.422) ,смешн (0.159;0.594;0.245) ",0.114,0.682,0.361
Афонские святогорцы отказались участвовать в интронизации главы ПЦУ,"афонск,святогорец,отказыва,участвова,интронизац,глав,пцу","отказыва (0.235;0.509;0.321) ,глав (0.550;0.410;0.345) ",0.393,0.46,0.333
Кровопролитие и большие жертвы: Томос разбивает Украину на части — эксперт,"кровопролит,больш,жертв,томос,разбива,украин,част,эксперт","кровопролит (0.048;0.942;0.525) ,жертв (0.208;0.833;0.534) ,част (0.594;0.481;0.525) ",0.283,0.752,0.528
Эксперт констатировал зарождение кризиса между Константинополем и украинскими раскольниками,"эксперт,констатирова,зарожден,кризис,константинопол,украинск,раскольник",кризис (0.208;0.811;0.431) ,0.208,0.811,0.431
"Украина. ""Жила грешно и умерла смешно""","украин,жит,грешн,умира,смешн","грешн (0.143;0.788;0.417) ,умира (0.040;0.664;0.422) ,смешн (0.159;0.594;0.245) ",0.114,0.682,0.361
"Украина. ""Жила грешно и умерла смешно"" (ВИДЕО)","украин,жит,грешн,умира,смешн,виде","грешн (0.143;0.788;0.417) ,умира (0.040;0.664;0.422) ,смешн (0.159;0.594;0.245) ,виде (0.646;0.577;0.427) ",0.247,0.656,0.378
"Украина: ""венесуэльский вариант""","украин,венесуэльск,вариант",вариант (0.512;0.427;0.359) ,0.512,0.427,0.359
ЗАВТРАК В ДАВОСЕ ПРЕВРАТИЛСЯ В СКАНДАЛ,"завтрак,давос,превраща,сканда","превраща (0.448;0.469;0.451) ,сканда (0.122;0.821;0.557) ",0.285,0.645,0.504
Пропагандисты Майдана жалуются,"пропагандист,майда,жалова",жалова (0.143;0.682;0.360) ,0.143,0.682,0.36
Армия геев: Украинские военнослужащие признаются в своей гомосексуальности.,"арм,ге,украинск,военнослужа,признава,сво,гомосексуальн","ге (0.388;0.587;0.429) ,гомосексуальн (0.333;0.780;0.431) ",0.361,0.683,0.43
ПЦУ-то ненастоящая: Порошенко и Варфоломей нарушили вселенские каноны,"пцу,ненастоя,порошенк,варфолом,наруша,вселенск,канон","наруша (0.357;0.618;0.472) ,канон (0.385;0.519;0.541) ",0.371,0.569,0.506
Порошенко сливают: ведущие европейские СМИ начали высмеивать украинского президента (ВИДЕО),"порошенк,слива,ведущ,европейск,сми,начина,высмеива,украинск,президент,виде","слива (0.479;0.434;0.529) ,начина (0.490;0.480;0.387) ,виде (0.646;0.577;0.427) ",0.538,0.497,0.448
ПОСЛЕДНИЕ СВОДКИ — 23.01.2019 (ОБНОВЛЯЕТСЯ!),"последн,сводк,обновля",обновля (0.656;0.633;0.541) ,0.656,0.633,0.541
"В надежде на чудо Порошенко отправился в ""томос-тур"" по Украине","надежд,чуд,порошенк,отправля,томос,тур,украин",тур (0.663;0.545;0.543) ,0.663,0.545,0.543
Пропагандист Гордон объявил себя обманутым украинскими властями,"пропагандист,гордон,объявля,обманыва,украинск,власт",обманыва (0.094;0.775;0.414) ,0.094,0.775,0.414
Изменится ли Украина после поражения Порошенко на выборах? (ФОТО),"изменя,украин,поражен,порошенк,выбор,фот",поражен (0.796;0.779;0.533) ,0.796,0.779,0.533
Томос о зависимости: куда сгоняют православных украинцев,"томос,зависим,сгоня,православн,украинец",зависим (0.180;0.806;0.420) ,0.18,0.806,0.42
Плевать на твой томос: Неонацисты угрожают будущему Порошенко,"плева,тво,томос,неонацист,угрожа,будущ,порошенк",угрожа (0.194;0.582;0.500) ,0.194,0.582,0.5
Порошенко испугался разрывать договор с Россией о Керченском проливе,"порошенк,испуга,разрыва,договор,росс,керченск,прол","испуга (0.153;0.817;0.255) ,разрыва (0.156;0.635;0.451) ,прол (0.438;0.433;0.412) ",0.249,0.628,0.373
Порошенко стал самым наглым вором в истории Украины: масштаб разграбления колоссален,"порошенк,станов,сам,нагл,вор,истор,украин,масштаб,разграблен,колоссальн","нагл (0.292;0.640;0.518) ,вор (0.088;0.888;0.443) ",0.19,0.764,0.481
Мы не боимся тебя,боя,боя (0.240;0.733;0.509) ,0.24,0.733,0.509
"В коррупции на Украине виноваты ""москали"" и Тимошенко","коррупц,украин,виноват,москал,тимошенк",коррупц (0.052;0.830;0.549) ,0.052,0.83,0.549
Новые провокации. В сумском соборе прогремел взрыв,"нов,провокац,сумск,собор,прогремет,взрыв",нов (0.917;0.490;0.582) ,0.917,0.49,0.582
Порошенко выходит на тропу предвыборной войны,"порошенк,выход,троп,предвыборн,войн",выход (0.490;0.429;0.287) ,0.49,0.429,0.287
Обыкновенный нацизм. Переформатирование сознания украинцев в действии,"обыкновен,нацизм,переформатирован,сознан,украинец,действ",действ (0.698;0.643;0.500) ,0.698,0.643,0.5
"Порошенко хочет наказать волынских депутатов за неудачные гастроли во время ""томос-тура""","порошенк,хотет,наказыва,волынск,депутат,неудачн,гастрол,врем,томос,тур","хотет (0.671;0.642;0.598) ,тур (0.663;0.545;0.543) ",0.667,0.594,0.571
Порошенко грубо оскорбил жителя Черкасс за вопрос о коррупции,"порошенк,груб,оскорбля,жител,черкасс,вопрос,коррупц","груб (0.333;0.481;0.481) ,вопрос (0.316;0.819;0.351) ,коррупц (0.052;0.830;0.549) ",0.234,0.71,0.46
Обыкновенный нацизм. Переформатирование сознания украинцев в действии,"обыкновен,нацизм,переформатирован,сознан,украинец,действ",действ (0.698;0.643;0.500) ,0.698,0.643,0.5
"Кто против коррупции — тот ""москальский провокатор""","прот,коррупц,москальск,провокатор",коррупц (0.052;0.830;0.549) ,0.052,0.83,0.549
Донбасс - это Украина: Николай Стариков разъяснил,"донбасс,эт,украин,никола,старик,разъясня",разъясня (0.583;0.509;0.518) ,0.583,0.509,0.518
Почему Москва не отреагировала на убийство Захарченко и почему жителям Донбасса необходимо гражданство РФ - Стариков,"поч,москв,отреагирова,убийств,захарченк,поч,жител,донбасс,необходим,гражданств,рф,старик",убийств (0.083;0.941;0.525) ,0.083,0.941,0.525
Взрыв в полицейской академии в Боготе: погибло 20 человек,"взрыв,полицейск,академ,богот,погиба,человек",погиба (0.296;0.570;0.415) ,0.296,0.57,0.415
"В 2020 году ""Газпром"" прекращает транзита газа через Украину","год,газпр,прекраща,транз,газ,украин","транз (0.439;0.590;0.588) ,газ (0.396;0.408;0.519) ",0.417,0.499,0.553
В Виннице шеф-редактора телеканала уволили за сюжет о канонической УПЦ,"винниц,шеф,редактор,телекана,увольня,сюжет,каноническ,упц",сюжет (0.469;0.567;0.510) ,0.469,0.567,0.51
Мама забитой до смерти трехлетней Кати видела,"мам,забива,смерт,трехлетн,кат,видет","смерт (0.031;0.720;0.472) ,кат (0.306;0.485;0.409) ",0.168,0.603,0.441
Порошенко лично выбил телефон из рук попытавшегося задать вопрос мужчины,"порошенк,личн,выбива,телефон,рук,попыта,задава,вопрос,мужчин",вопрос (0.316;0.819;0.351) ,0.316,0.819,0.351
"Российский сепар!: Пьяный Порошенко во время ""томос-тура"" выбил телефон из рук украинца (ВИДЕО)","российск,сепар,пьян,порошенк,врем,томос,тур,выбива,телефон,рук,украинец,виде","пьян (0.194;0.800;0.250) ,тур (0.663;0.545;0.543) ,виде (0.646;0.577;0.427) ",0.501,0.641,0.407
Безумная религиозная вакханалия Порошенко,"безумн,религиозн,вакханал,порошенк",безумн (0.088;0.787;0.309) ,0.088,0.787,0.309
Пьяный Порошенко выбил телефон из рук украинца (ВИДЕО),"пьян,порошенк,выбива,телефон,рук,украинец,виде","пьян (0.194;0.800;0.250) ,виде (0.646;0.577;0.427) ",0.42,0.689,0.339
"Порошенко во время ""томос-тура"" выбил из рук подошедшего к нему мужчины смартфон","порошенк,врем,томос,тур,выбива,рук,подход,мужчин,смартфон",тур (0.663;0.545;0.543) ,0.663,0.545,0.543
Все на концерт Петра Томосановского!: в Сети жестоко высмеяли Порошенко (ФОТО),"концерт,петр,томосановск,сет,жесток,высмеива,порошенк,фот",жесток (0.122;0.866;0.391) ,0.122,0.866,0.391
Чем страшен томос. Национализм как украинская национальная религия,"страшн,томос,национализм,украинск,национальн,религ",страшн (0.156;0.846;0.472) ,0.156,0.846,0.472
Глава комитета Госдумы призвал предоставить российское гражданство православным с Украины,"глав,комитет,госдум,призыва,предоставля,российск,гражданств,православн,украин",глав (0.550;0.410;0.345) ,0.55,0.41,0.345
"Труп, привязанный к живому человеку — бывший священник УПЦ о создании ""новой церкви""","труп,привязыва,жив,человек,бывш,священник,упц,создан,нов,церков","труп (0.030;0.690;0.260) ,привязыва (0.398;0.462;0.448) ,бывш (0.250;0.520;0.306) ,нов (0.917;0.490;0.582) ",0.399,0.54,0.399
Во Львовской области радикалы в присутствии полиции захватили храм УПЦ,"львовск,област,радика,присутств,полиц,захват,храм,упц",захват (0.357;0.650;0.537) ,0.357,0.65,0.537
Мнение: Томос может спровоцировать раздел Украины,"мнен,томос,моч,спровоцирова,раздел,украин","моч (0.449;0.529;0.391) ,спровоцирова (0.271;0.676;0.528) ,раздел (0.615;0.469;0.567) ",0.445,0.558,0.495
Пусть не ходят к нам!: Порошенко пригрозил ударными беспилотниками из Турции,"пуст,ход,порошенк,пригроз,ударн,беспилотник,турц",ход (0.643;0.412;0.450) ,0.643,0.412,0.45
Путин резко прокомментировал предоставление Украине томоса,"путин,резк,прокомментирова,предоставлен,украин,томос",резк (0.250;0.808;0.556) ,0.25,0.808,0.556
Сеть в шоке: пьяный Порошенко,"сет,шок,пьян,порошенк","шок (0.286;0.821;0.453) ,пьян (0.194;0.800;0.250) ",0.24,0.81,0.352
Это закончится катастрофой: в Госдуме пригрозили Украине последствиями за штурм Донбасса,"эт,заканчива,катастроф,госдум,пригроз,украин,последств,штурм,донбасс",последств (0.470;0.578;0.379) ,0.47,0.578,0.379
Чем страшен томос. Национализм как украинская национальная религия,"страшн,томос,национализм,украинск,национальн,религ",страшн (0.156;0.846;0.472) ,0.156,0.846,0.472
"Ужас и тлен: теперь ясно, почему всё пропало, Донбасс слили, а Курилы сдали","ужас,тлен,ясн,поч,вс,пропада,донбасс,слива,курил,сдава","ужас (0.061;0.852;0.409) ,пропада (0.236;0.480;0.347) ,слива (0.479;0.434;0.529) ",0.259,0.589,0.428
Железная логика 14 января 2019. Полный эфир Вести FM,"железн,логик,январ,полн,эфир,вест,fm",вест (0.323;0.657;0.455) ,0.323,0.657,0.455
Новый ход режима Порошенко внушает оптимизм,"нов,ход,реж,порошенк,внуша,оптимизм","нов (0.917;0.490;0.582) ,ход (0.643;0.412;0.450) ",0.78,0.451,0.516
Неблагонадёжная Украина. Промышленные регионы смотрят на Киев с отвращением,"неблагонад,жна,украин,промышлен,регион,смотрет,ки,отвращен","ки (0.521;0.433;0.484) ,отвращен (0.052;0.775;0.317) ",0.287,0.604,0.4
Порошенко безбожно эксплуатирует томос,"порошенк,безбожн,эксплуатирова,томос",безбожн (0.316;0.557;0.358) ,0.316,0.557,0.358
Фальшивый томос и общий экзамен на верность Православию (заметки православного киевлянина),"фальшив,томос,общ,экзам,верност,православ,заметк,православн,киевлянин","фальшив (0.604;0.667;0.430) ,экзам (0.479;0.663;0.577) ",0.541,0.665,0.503
"В Сети высмеяли ""томос-тур"" Петра Порошенко по Украине","сет,высмеива,томос,тур,петр,порошенк,украин",тур (0.663;0.545;0.543) ,0.663,0.545,0.543
В РПЦ ответили на требование Порошенко показать томос,"рпц,отвеча,требован,порошенк,показыва,томос",отвеча (0.573;0.435;0.594) ,0.573,0.435,0.594
Порошенко готов развязать религиозную войну,"порошенк,готов,развязыва,религиозн,войн","готов (0.847;0.500;0.412) ,развязыва (0.542;0.463;0.472) ",0.695,0.482,0.442
Награда за измену,"наград,изм",изм (0.094;0.806;0.552) ,0.094,0.806,0.552
Храмы для Порошенко стали разменной монетой - депутат Госдумы,"храм,порошенк,станов,размен,монет,депутат,госдум",монет (0.677;0.574;0.445) ,0.677,0.574,0.445
ПОСЛЕДНИЕ СВОДКИ — 13.01.2019 (ОБНОВЛЯЕТСЯ!),"последн,сводк,обновля",обновля (0.656;0.633;0.541) ,0.656,0.633,0.541
Порошенко хочет передать Варфоломею храм,"порошенк,хотет,передава,варфолом,храм",хотет (0.671;0.642;0.598) ,0.671,0.642,0.598
"Журналист: Порошенко отменил ""томос–тур"" по стране из–за страха перед украинцами","журналист,порошенк,отменя,томос,тур,стран,страх,украинец","тур (0.663;0.545;0.543) ,страх (0.073;0.840;0.293) ",0.368,0.693,0.418
Шарий подает в суд на Порошенко,"шар,подава,суд,порошенк",шар (0.360;0.551;0.412) ,0.36,0.551,0.412
Прихожан в ровенский храм охрана Порошенко обыскивала с собаками,"прихожанин,ровенск,храм,охра,порошенк,обыскива,собак",собак (0.704;0.500;0.407) ,0.704,0.5,0.407
Заснування ПЦУ стало історичною катастрофою для Путіна,"заснуван,пцу,станов,сторичн,катастроф,пут",пут (0.646;0.410;0.519) ,0.646,0.41,0.519
"На ""Красном рынке"" в Макеевке рухнул торговый ряд – пострадали люди (Видео)","красн,рынок,макеевк,рухнут,торгов,ряд,пострада,человек,виде","рынок (0.724;0.480;0.521) ,пострада (0.083;0.680;0.302) ,виде (0.646;0.577;0.427) ",0.484,0.579,0.417
Золотарёв: Порошенко прикрывает предвыборные фальсификации при помощи томос-тура,"золотар,порошенк,прикрыва,предвыборн,фальсификац,помощ,томос,тур","фальсификац (0.173;0.720;0.490) ,помощ (0.796;0.491;0.541) ,тур (0.663;0.545;0.543) ",0.544,0.585,0.525
Каждый гражданин Украины должен МВФ 2 000 долларов - Бойко,"кажд,гражданин,украин,должн,мвф,доллар,бойк",бойк (0.438;0.433;0.381) ,0.438,0.433,0.381
Стоимость интернета с переходом на российский трафик не изменится - Виктор Яценко,"стоимост,интернет,переход,российск,трафик,изменя,виктор,яценк","стоимост (0.365;0.420;0.439) ,переход (0.605;0.561;0.558) ,трафик (0.323;0.559;0.518) ",0.431,0.513,0.505
"Жительница Донбасса отдала аферистам 200 000 гривен за ""спасение сына от тюрьмы""","жительниц,донбасс,отдава,аферист,гривн,спасен,сын,тюрьм","отдава (0.865;0.618;0.437) ,аферист (0.146;0.823;0.491) ,тюрьм (0.186;0.570;0.500) ",0.399,0.67,0.476
"Приземлённые вопросы ""ватника"" к Петру Порошенко","приземл,нны,вопрос,ватник,петр,порошенк",вопрос (0.316;0.819;0.351) ,0.316,0.819,0.351
"Раскольник Филарет в 2012 году называл ""томос"" об автокефалии рабством","раскольник,филарет,год,называ,томос,автокефал,рабств",рабств (0.052;0.783;0.218) ,0.052,0.783,0.218
Взрывной эффект Томоса: Поражение Церкви и Русского мира,"взрывн,эффект,томос,поражен,церков,русск,мир",поражен (0.796;0.779;0.533) ,0.796,0.779,0.533
Владимир Громов: Украинские политики пять лет воюют со своим народом,"владимир,гром,украинск,политик,пят,год,воева,сво,народ",гром (0.195;0.692;0.530) ,0.195,0.692,0.53
Клоуны у власти - беда Украины,"клоун,власт,бед,украин","клоун (0.650;0.598;0.300) ,бед (0.135;0.811;0.452) ",0.393,0.705,0.376
Владимир Громов: Украинские политики пять лет воюют со своим народом,"владимир,гром,украинск,политик,пят,год,воева,сво,народ",гром (0.195;0.692;0.530) ,0.195,0.692,0.53
"Опять томосятина! Торчащая грудь жены Порошенко стала ""гвоздём программы автофекалии""","томосятин,торча,груд,жен,порошенк,станов,гвозд,м,программ,автофекал","торча (0.453;0.537;0.434) ,груд (0.753;0.429;0.500) ,жен (0.809;0.736;0.527) ",0.672,0.567,0.487
"Раскольник Филарет называл томос из Константинополя ""рабством""","раскольник,филарет,называ,томос,константинопол,рабств",рабств (0.052;0.783;0.218) ,0.052,0.783,0.218
Бортник: На признание украинской автокефалии уйдут десятилетия,"бортник,признан,украинск,автокефал,уход,десятилет","признан (0.469;0.642;0.460) ,уход (0.500;0.760;0.368) ",0.484,0.701,0.414
"Раскольник Филарет в 2012 году называл ""томос"" об автокефалии рабством","раскольник,филарет,год,называ,томос,автокефал,рабств",рабств (0.052;0.783;0.218) ,0.052,0.783,0.218
На заправках ДНР снизилась цена на газ,"заправк,днр,снижа,цен,газ",газ (0.396;0.408;0.519) ,0.396,0.408,0.519
"На КПВВ ""Майорск"" у Горловки в один день умерли трое мужчин","кпвв,майорск,горловк,ден,умира,тро,мужчин",умира (0.040;0.664;0.422) ,0.04,0.664,0.422
"ВСУ обстреляли рабочих КП ""Вода Донбасса"": трое получили ранения различной тяжести","всу,обстрелива,рабоч,кп,вод,донбасс,тро,получа,ранен,различн,тяжест",ранен (0.115;0.770;0.275) ,0.115,0.77,0.275
В ДНР за выброс снега с тротуара на дорогу предусмотрен штраф,"днр,выброс,снег,тротуар,дорог,предусматрива,штраф",штраф (0.062;0.490;0.240) ,0.062,0.49,0.24
Холодомор. На Украине более 1000 человек пострадали от обморожений,"холодомор,украин,человек,пострада,обморожен",пострада (0.083;0.680;0.302) ,0.083,0.68,0.302
"Раскольник Филарет называл томос из Константинополя ""рабством""","раскольник,филарет,называ,томос,константинопол,рабств",рабств (0.052;0.783;0.218) ,0.052,0.783,0.218
"Опять томосятина! Торчащая грудь жены Порошенко стала ""гвоздём программы автофекалии"" (ФОТО)","томосятин,торча,груд,жен,порошенк,станов,гвозд,м,программ,автофекал,фот","торча (0.453;0.537;0.434) ,груд (0.753;0.429;0.500) ,жен (0.809;0.736;0.527) ",0.672,0.567,0.487
"Украина получила Томос, но плата за него будет слишком велика: Россия готовится ввести войска — эксперт","украин,получа,томос,плат,слишк,больш,росс,готов,ввод,войск,эксперт",готов (0.847;0.500;0.412) ,0.847,0.5,0.412
"Предстоятель Кипрской православной церкви отказался признавать новую украинскую ""церковь""","предстоятел,кипрск,православн,церков,отказыва,признава,нов,украинск,церков","отказыва (0.235;0.509;0.321) ,нов (0.917;0.490;0.582) ",0.576,0.499,0.452
"Бурджанадзе призвала Грузию не признавать автокефалию ""новой церкви"" Украины","бурджанадз,призыва,груз,признава,автокефал,нов,церков,украин","груз (0.302;0.557;0.538) ,нов (0.917;0.490;0.582) ",0.61,0.524,0.56
От Симоненко до Кошулинского. Расколотые фланги политического спектра Украины,"симоненк,кошулинск,раскалыва,фланг,политическ,спектр,украин","раскалыва (0.296;0.545;0.389) ,спектр (0.312;0.700;0.527) ",0.304,0.623,0.458
Синод Греческой церкви отказался признавать украинских раскольников,"синод,греческ,церков,отказыва,признава,украинск,раскольник",отказыва (0.235;0.509;0.321) ,0.235,0.509,0.321
ПОСЛЕДНИЕ СВОДКИ — 08.01.2019 (ОБНОВЛЯЕТСЯ!),"последн,сводк,обновля",обновля (0.656;0.633;0.541) ,0.656,0.633,0.541
Получать Томос вместе с Порошенко поехал глава радикальной группировки С-14 Евгений Карась,"получа,томос,вмест,порошенк,поеха,глав,радикальн,группировк,евген,кар",глав (0.550;0.410;0.345) ,0.55,0.41,0.345
Что же строят дьяволы в рясах на могилах церковного кладбища Луцка?,"стро,дьявол,ряс,мог,церковн,кладбищ,луцк",кладбищ (0.051;0.630;0.417) ,0.051,0.63,0.417
Украина намерена навсегда запретить въезд в страну мужчинам из России,"украин,намер,навсегд,запреща,въезд,стран,мужчин,росс","навсегд (0.677;0.450;0.403) ,запреща (0.115;0.430;0.269) ",0.396,0.44,0.336
Подчиненный Наева открыл заводик для подпольной добычи нефти на Донбассе,"подчинен,наев,открыва,заводик,подпольн,добыч,нефт,донбасс","подчинен (0.354;0.408;0.539) ,открыва (0.439;0.442;0.562) ",0.396,0.425,0.55
Шоумен Зеленский попросил украинцев составить ему предвыборную программу (Видео),"шоум,зеленск,попрос,украинец,составля,предвыборн,программ,виде",виде (0.646;0.577;0.427) ,0.646,0.577,0.427
"Раскольники из ""ПЦУ"" подтвердили отправку ""томоса"" в Стамбул","раскольник,пцу,подтвержда,отправк,томос,стамбул",отправк (0.317;0.417;0.555) ,0.317,0.417,0.555
"Голодным украинцам томос не нужен: ""перемоги"" Порошенко не спасают страну от нищеты","голодн,украинец,томос,нужн,перемога,порошенк,спаса,стран,нищет",голодн (0.083;0.690;0.254) ,0.083,0.69,0.254
Минкульт Украины опроверг информацию о возврате томоса в Стамбул - СМИ,"минкульт,украин,опроверга,информац,возврат,томос,стамбул,сми",возврат (0.541;0.528;0.430) ,0.541,0.528,0.43
Украинский депутат Бойко раскритиковал вмешательство Порошенко в дела церкви,"украинск,депутат,бойк,раскритиковыва,вмешательств,порошенк,дел,церков",бойк (0.438;0.433;0.381) ,0.438,0.433,0.381
"Украинские раскольники открыли временный сайт ""ПЦУ""","украинск,раскольник,открыва,времен,сайт,пцу","открыва (0.439;0.442;0.562) ,времен (0.570;0.470;0.461) ",0.504,0.456,0.512
"Порошенко призвал сограждан ""помолиться за ПЦУ"" на Софийской площади Киева","порошенк,призыва,согражданин,помол,пцу,софийск,площад,ки","площад (0.741;0.450;0.528) ,ки (0.521;0.433;0.484) ",0.631,0.442,0.506
Савченко назвала съезд украинских раскольников частью предвыборной кампании Порошенко,"савченк,называ,съезд,украинск,раскольник,част,предвыборн,кампан,порошенк",част (0.594;0.481;0.525) ,0.594,0.481,0.525
Томос для Украины вернут в Стамбул из-за нехватки официальных подписей,"томос,украин,вернут,стамбул,нехватк,официальн,подп","вернут (0.602;0.412;0.463) ,нехватк (0.094;0.455;0.198) ",0.348,0.433,0.331
Порошенко: Варфоломея невозможно подкупить,"порошенк,варфолом,невозможн,подкупа",невозможн (0.170;0.625;0.306) ,0.17,0.625,0.306
РФ воспользуется решением о независимости украинской церкви для провокаций — руководитель МИД Украины,"рф,воспользова,решен,независим,украинск,церков,провокац,руководител,мид,украин",независим (0.549;0.595;0.447) ,0.549,0.595,0.447
Пользователи сети высмеяли новое название украинской раскольнической церкви,"пользовател,сет,высмеива,нов,назван,украинск,раскольническ,церков",нов (0.917;0.490;0.582) ,0.917,0.49,0.582
"Русская церковь в Канаде назвала передачу ""томоса"" украинским раскольникам беззаконием","русск,церков,канад,называ,передач,томос,украинск,раскольник,беззакон","передач (0.615;0.520;0.455) ,беззакон (0.219;0.567;0.425) ",0.417,0.543,0.44
"Киевский журналист обнаружил в тексте ""томоса"" грубую ошибку","киевск,журналист,обнаружива,текст,томос,груб,ошибк","груб (0.333;0.481;0.481) ,ошибк (0.286;0.500;0.246) ",0.309,0.49,0.363
Эпический провал Порошенко: Томос отзывают в Стамбул,"эпическ,прова,порошенк,томос,отзыва,стамбул",прова (0.125;0.490;0.268) ,0.125,0.49,0.268
Томос для Украины вернут в Стамбул из-за нехватки официальных подписей,"томос,украин,вернут,стамбул,нехватк,официальн,подп","вернут (0.602;0.412;0.463) ,нехватк (0.094;0.455;0.198) ",0.348,0.433,0.331
Порошенко: Варфоломея невозможно подкупить,"порошенк,варфолом,невозможн,подкупа",невозможн (0.170;0.625;0.306) ,0.17,0.625,0.306
"СЦУ — это не то, что вы подумали: название новой ""церкви"" Украины взрывает Сеть (ФОТО","сцу,эт,подума,назван,нов,церков,украин,взрыва,сет,фот",нов (0.917;0.490;0.582) ,0.917,0.49,0.582
"В Виннице верующие стали на защиту храма от боевиков ""Правого сектора"" (Видео)","винниц,вер,станов,защит,храм,боевик,прав,сектор,виде","защит (0.663;0.451;0.582) ,прав (0.458;0.473;0.444) ,виде (0.646;0.577;0.427) ",0.589,0.5,0.484
"Порошенко призвал сограждан ""помолиться за ПЦУ"" на Софийской площади Киева","порошенк,призыва,согражданин,помол,пцу,софийск,площад,ки","площад (0.741;0.450;0.528) ,ки (0.521;0.433;0.484) ",0.631,0.442,0.506
Томос раскола. Варфоломей и Порошенко нанесли геополитический удар по Православию (ФОТО),"томос,раскол,варфолом,порошенк,нанос,геополитическ,удар,православ,фот",удар (0.385;0.546;0.463) ,0.385,0.546,0.463
"Киевский журналист обнаружил в тексте ""томоса"" грубую ошибку","киевск,журналист,обнаружива,текст,томос,груб,ошибк","груб (0.333;0.481;0.481) ,ошибк (0.286;0.500;0.246) ",0.309,0.49,0.363
УПЦ отказалась проводить совместные службы с украинскими раскольниками,"упц,отказыва,провод,совместн,служб,украинск,раскольник",отказыва (0.235;0.509;0.321) ,0.235,0.509,0.321
Варфоломей передал лже-томос главарю новой лже-церкви Украины,"варфолом,передава,лже,томос,главар,нов,лже,церков,украин",нов (0.917;0.490;0.582) ,0.917,0.49,0.582
УПЦ отказалась проводить совместные службы с украинскими раскольниками,"упц,отказыва,провод,совместн,служб,украинск,раскольник",отказыва (0.235;0.509;0.321) ,0.235,0.509,0.321
Спикер Рады Парубий пообещал принять закон о переходе канонических храмов УПЦ МП к раскольникам,"спикер,рад,паруб,пообеща,принима,закон,переход,каноническ,храм,упц,мп,раскольник","рад (0.573;0.402;0.358) ,переход (0.605;0.561;0.558) ",0.589,0.482,0.458
Шарий: Украину тянут за ноги в 17-й век,"шар,украин,тянут,ног,й,век",шар (0.360;0.551;0.412) ,0.36,0.551,0.412
"Томос на ваши головы! В момент легализации лже-церкви украинцы увидели в небе ""странное явление""","томос,ваш,голов,момент,легализац,лже,церков,украинец,увидет,неб,стран,явлен",момент (0.604;0.435;0.509) ,0.604,0.435,0.509
"Порошенко и Варфоломей не украдут у православных Рождество: РПЦ назвала томос об автокефалии ""новой"" украинской церкви недействительным","порошенк,варфолом,украст,православн,рождеств,рпц,называ,томос,автокефал,нов,украинск,церков,недействительн","украст (0.021;0.856;0.528) ,нов (0.917;0.490;0.582) ",0.469,0.673,0.555
"Золотарев: Проект ""томос"" был создан на деньги криминальной днепропетровской ""братвы""","золотар,проект,томос,создава,деньг,криминальн,днепропетровск,братв",братв (0.350;0.462;0.350) ,0.35,0.462,0.35
УПЦ МП обвинила Варфоломея в предательстве всех православных тысячелетних канонов,"упц,мп,обвиня,варфолом,предательств,ве,православн,тысячелетн,канон","обвиня (0.133;0.752;0.500) ,предательств (0.083;0.719;0.418) ,канон (0.385;0.519;0.541) ",0.2,0.663,0.486
"Религиозный нацизм: Поклонская рассказала о последствиях предоставления ""томоса"" украинским раскольникам","религиозн,нацизм,поклонск,рассказыва,последств,предоставлен,томос,украинск,раскольник",последств (0.470;0.578;0.379) ,0.47,0.578,0.379
Спикер Рады Парубий пообещал принять закон о переходе канонических храмов УПЦ МП к раскольникам,"спикер,рад,паруб,пообеща,принима,закон,переход,каноническ,храм,упц,мп,раскольник","рад (0.573;0.402;0.358) ,переход (0.605;0.561;0.558) ",0.589,0.482,0.458
"СЦУ - это не то, что вы подумали: Название новой церкви Украины взорвало Сеть","сцу,эт,подума,назван,нов,церков,украин,взрыва,сет",нов (0.917;0.490;0.582) ,0.917,0.49,0.582
Радикалы готовят провокации возле собора в Чернигове - УПЦ,"радика,готов,провокац,возл,собор,черниг,упц",готов (0.847;0.500;0.412) ,0.847,0.5,0.412
ВСУ расстреляли собственных диверсантов,"всу,расстрелива,собствен,диверсант",диверсант (0.250;0.804;0.407) ,0.25,0.804,0.407
УПЦ: Предоставление автокефалии украинским раскольникам нарушает все апостольские правила,"упц,предоставлен,автокефал,украинск,раскольник,наруша,ве,апостольск,прав","наруша (0.357;0.618;0.472) ,прав (0.458;0.473;0.444) ",0.407,0.545,0.458
В посольстве Украины в Вашингтоне чуть галушкой не подавились,"посольств,украин,вашингтон,галушк,подав",подав (0.229;0.731;0.193) ,0.229,0.731,0.193
Украинская таможня задержала тираж рождественского послания патриарха Кирилла — РПЦ,"украинск,таможн,задержива,тираж,рождественск,послан,патриарх,кирилл,рпц","задержива (0.188;0.490;0.216) ,послан (0.604;0.417;0.535) ",0.396,0.454,0.376
"Варфоломей нанес вред ""митрополиту"" Епифанию –Польская Православная Церковь","варфолом,нанос,вред,митропол,епифан,польск,православн,церков",вред (0.250;0.794;0.480) ,0.25,0.794,0.48
"Глава украинских раскольников Епифаний призвал православных переходить в ""ПЦУ""","глав,украинск,раскольник,епифан,призыва,православн,переход,пцу","глав (0.550;0.410;0.345) ,переход (0.605;0.561;0.558) ",0.578,0.486,0.452
СМИ: Киев готовит захват Киево-Печерской Лавры,"сми,ки,готов,захват,киев,печерск,лавр","ки (0.521;0.433;0.484) ,готов (0.847;0.500;0.412) ,захват (0.357;0.650;0.537) ",0.575,0.528,0.478
НЕЛЬЗЯ ЗАМОЧИТЬ КЛОУНА,"замачива,клоун",клоун (0.650;0.598;0.300) ,0.65,0.598,0.3
Автокефалия или подчинение Варфоломею — ПЦУ в ожидании томоса,"автокефал,подчинен,варфолом,пцу,ожидан,томос","подчинен (0.354;0.408;0.539) ,ожидан (0.581;0.622;0.558) ",0.467,0.515,0.548
Автокефалия или подчинение Варфоломею — ПЦУ в ожидании Томоса,"автокефал,подчинен,варфолом,пцу,ожидан,томос","подчинен (0.354;0.408;0.539) ,ожидан (0.581;0.622;0.558) ",0.467,0.515,0.548
"Глава украинских раскольников Епифаний призвал православных переходить в ""ПЦУ""","глав,украинск,раскольник,епифан,призыва,православн,переход,пцу","глав (0.550;0.410;0.345) ,переход (0.605;0.561;0.558) ",0.578,0.486,0.452
Аваков: Украинская автокефалия может стать дестабилизирующим фактором перед выборами,"авак,украинск,автокефал,моч,станов,дестабилизир,фактор,выбор",моч (0.449;0.529;0.391) ,0.449,0.529,0.391
"Порошенко с главой раскольников Епифанием отправится в ""томос-тур"" по Украине","порошенк,глав,раскольник,епифан,отправля,томос,тур,украин","глав (0.550;0.410;0.345) ,тур (0.663;0.545;0.543) ",0.607,0.478,0.444
"На Западной Украине православные храмы присоединяются к раскольникам из ""ПЦУ""","западн,украин,православн,храм,присоединя,раскольник,пцу","западн (0.177;0.775;0.508) ,присоединя (0.698;0.510;0.537) ",0.438,0.643,0.522
Томос-тур по 17 областям: Епифаний отправляется агитировать за Порошенко,"томос,тур,област,епифан,отправля,агитирова,порошенк","тур (0.663;0.545;0.543) ,агитирова (0.300;0.796;0.593) ",0.482,0.671,0.568
"На Западной Украине православные храмы присоединяются к раскольникам из ""ПЦУ""","западн,украин,православн,храм,присоединя,раскольник,пцу","западн (0.177;0.775;0.508) ,присоединя (0.698;0.510;0.537) ",0.438,0.643,0.522
"Порошенко с главой раскольников Епифанием отправится в ""томос-тур"" по Украине","порошенк,глав,раскольник,епифан,отправля,томос,тур,украин","глав (0.550;0.410;0.345) ,тур (0.663;0.545;0.543) ",0.607,0.478,0.444
"Алексей Селиванов: Выдача паспортов РФ жителям Донбасса и Украины навсегда закроет тему ""русско-украинской войны""","алекс,селиван,выдач,паспорт,рф,жител,донбасс,украин,навсегд,закрыва,тем,русск,украинск,войн","выдач (0.229;0.627;0.554) ,навсегд (0.677;0.450;0.403) ,закрыва (0.385;0.456;0.475) ",0.43,0.511,0.477
"Алексей Селиванов: Выдача паспортов РФ жителям Донбасса и Украины навсегда закроет тему ""русско-украинской войны""","алекс,селиван,выдач,паспорт,рф,жител,донбасс,украин,навсегд,закрыва,тем,русск,украинск,войн","выдач (0.229;0.627;0.554) ,навсегд (0.677;0.450;0.403) ,закрыва (0.385;0.456;0.475) ",0.43,0.511,0.477
Адский Томос Порошенко и Варфоломея на Рождество,"адск,томос,порошенк,варфолом,рождеств",адск (0.125;0.860;0.545) ,0.125,0.86,0.545
Православный мир и Украина: Мрачные перспективы и последние надежды,"православн,мир,украин,мрачн,перспектив,последн,надежд",мрачн (0.204;0.427;0.272) ,0.204,0.427,0.272
"ЕДИНСТВЕННЫЙ РЕАЛЬНЫЙ ШАНС ПРОДЛИТЬ ""ПОЛЕТ ""БОИНГА""","единствен,реальн,шанс,продля,полет,боинг",шанс (0.833;0.551;0.525) ,0.833,0.551,0.525
Филарет: Если бы я стал главой ПЦУ,"филарет,станов,глав,пцу",глав (0.550;0.410;0.345) ,0.55,0.41,0.345
Россия предостерегла власти Украины от насилия в отношении канонических православных,"росс,предостерега,власт,украин,насил,отношен,каноническ,православн",предостерега (0.510;0.541;0.519) ,0.51,0.541,0.519
ПОСЛЕДНИЕ СВОДКИ — 23.12.2018 (ОБНОВЛЯЕТСЯ!),"последн,сводк,обновля",обновля (0.656;0.633;0.541) ,0.656,0.633,0.541
Каноническая УПЦ МП отвергла требование властей Украины сменить свое название,"каноническ,упц,мп,отверга,требован,власт,украин,смен,сво,назван","отверга (0.083;0.637;0.422) ,смен (0.490;0.480;0.528) ",0.286,0.558,0.475
"Томос вместо тепла и хлеба — названы причины ""инфраструктурной смерти"" Украины","томос,вмест,тепл,хлеб,называ,причин,инфраструктурн,смерт,украин",смерт (0.031;0.720;0.472) ,0.031,0.72,0.472
СМИ: Порошенко пообещал Варфоломею 38 церквей в обмен на томос,"сми,порошенк,пообеща,варфолом,церков,обм,томос",обм (0.740;0.569;0.491) ,0.74,0.569,0.491
Митрополит Луцкий и Волынский Михаил: Филарет и Порошенко шантажом заставили других кадидатов сняться с выборов главы ПЦУ,"митропол,луцк,волынск,миха,филарет,порошенк,шантаж,заставля,кадидат,снима,выбор,глав,пцу",глав (0.550;0.410;0.345) ,0.55,0.41,0.345
Осквернённый собор Киева,"оскверн,нны,собор,ки",ки (0.521;0.433;0.484) ,0.521,0.433,0.484
Оскверненный собор Киева,"оскверня,собор,ки","оскверня (0.255;0.806;0.509) ,ки (0.521;0.433;0.484) ",0.388,0.62,0.496
Мы должны вернуть оккупированный Крым и Донбасс — новоизбранный глава ПЦУ Епифаний,"должн,вернут,оккупирова,крым,донбасс,новоизбра,глав,пцу,епифан","вернут (0.602;0.412;0.463) ,оккупирова (0.396;0.520;0.589) ,глав (0.550;0.410;0.345) ",0.516,0.447,0.466
"В РПЦ оценили избрание в Киеве главы ""новой церкви на Украине""","рпц,оценива,избран,ки,глав,нов,церков,украин","ки (0.521;0.433;0.484) ,глав (0.550;0.410;0.345) ,нов (0.917;0.490;0.582) ",0.663,0.444,0.47
"УПЦ отказалась признать созданную на ""объединительном соборе"" церковь","упц,отказыва,признава,создава,объединительн,собор,церков",отказыва (0.235;0.509;0.321) ,0.235,0.509,0.321
Поместный собор в Киеве закончился поражением Порошенко,"поместн,собор,ки,заканчива,поражен,порошенк","ки (0.521;0.433;0.484) ,поражен (0.796;0.779;0.533) ",0.659,0.606,0.508
ПОСЛЕДНИЕ СВОДКИ — 16.12.2018 (ОБНОВЛЯЕТСЯ!),"последн,сводк,обновля",обновля (0.656;0.633;0.541) ,0.656,0.633,0.541
В Киеве начал работу объединительный собор || Главное от ANNA NEWS на вечер 15 декабря 2018,"ки,начина,работ,объединительн,собор,главн,anna,news,вечер,декабр","ки (0.521;0.433;0.484) ,начина (0.490;0.480;0.387) ,декабр (0.740;0.540;0.464) ",0.584,0.484,0.445
"Провал Порошенко и Варфоломея: ""объединительный собор"" родил церковную мышь","прова,порошенк,варфолом,объединительн,собор,рожа,церковн,мыш","прова (0.125;0.490;0.268) ,мыш (0.427;0.441;0.206) ",0.276,0.466,0.237
Главарём новой псевдоправославной секты Порошенко стал такой же сектант из банды Денисенко,"главар,м,нов,псевдоправославн,сект,порошенк,станов,сектант,банд,денисенк","нов (0.917;0.490;0.582) ,сект (0.265;0.667;0.526) ,сектант (0.260;0.606;0.517) ,банд (0.094;0.796;0.567) ",0.384,0.64,0.548
"Украинские раскольники выбрали главу ""новой церкви""","украинск,раскольник,выбира,глав,нов,церков","выбира (0.510;0.471;0.345) ,глав (0.550;0.410;0.345) ,нов (0.917;0.490;0.582) ",0.659,0.457,0.424
Объединительный собор: Людей из райцентров принудительно привезли в Киев на митинг,"объединительн,собор,человек,райцентр,принудительн,привоз,ки,митинг","принудительн (0.180;0.721;0.458) ,ки (0.521;0.433;0.484) ",0.351,0.577,0.471
Эксперт: Это провал. Никто из Православных церквей не прислал поздравления Украине,"эксперт,эт,прова,никт,православн,церков,присыла,поздравлен,украин",прова (0.125;0.490;0.268) ,0.125,0.49,0.268
"На ""майдане за томос"" разливают горячее вино и продают печенье","майда,томос,разлива,горяч,вин,продава,печен","горяч (0.490;0.740;0.573) ,вин (0.115;0.640;0.309) ",0.302,0.69,0.441
"Провал Порошенко и Варфоломея: ""объединительный собор"" родил церковную мышь","прова,порошенк,варфолом,объединительн,собор,рожа,церковн,мыш","прова (0.125;0.490;0.268) ,мыш (0.427;0.441;0.206) ",0.276,0.466,0.237
НЕКУДА БЕЖАТЬ,"некуд,бежа",бежа (0.224;0.639;0.322) ,0.224,0.639,0.322
Почти полмиллиона православных украинцев подписали Декларацию о сопротивлении гнету,"полмиллион,православн,украинец,подписыва,декларац,сопротивлен,гнет",сопротивлен (0.188;0.660;0.518) ,0.188,0.66,0.518
Семейный совет: некуда бежать…,"семейн,совет,некуд,бежа",бежа (0.224;0.639;0.322) ,0.224,0.639,0.322
Хроники смутного времени: На Украине любят ЦРУ,"хроник,смутн,врем,украин,люб,цру","хроник (0.427;0.571;0.586) ,смутн (0.450;0.433;0.230) ",0.439,0.502,0.408
"Украинские раскольники изменили устав ""новой церкви""","украинск,раскольник,изменя,уста,нов,церков",нов (0.917;0.490;0.582) ,0.917,0.49,0.582
ВСЯ СТРАНА ШАГНУЛА В АД ШИРОКОЙ ПОСТУПЬЮ,"ве,стран,шагнут,ад,широк,поступ",ад (0.020;0.918;0.565) ,0.02,0.918,0.565
"Украина ""в положении"": Орден за Томос и штраф за русский язык","украин,положен,орд,томос,штраф,русск,язык","положен (0.450;0.520;0.547) ,штраф (0.062;0.490;0.240) ",0.256,0.505,0.394
"Глава УАПЦ Макарий опасается эксцессов и обострений на ""объединительном соборе""","глав,уапц,макар,опаса,эксцесс,обострен,объединительн,собор","глав (0.550;0.410;0.345) ,макар (0.802;0.601;0.368) ,опаса (0.406;0.592;0.431) ,обострен (0.344;0.810;0.480) ",0.525,0.603,0.406
Андрей Деркач о Томосе. Варфоломей пытается изолировать РПЦ,"андр,деркач,томос,варфолом,пыта,изолирова,рпц",пыта (0.062;0.890;0.361) ,0.062,0.89,0.361
"ПРИМЕТ ЛИ ДОНАЛЬД ""ЖЕРТВУ"" ПОРОШЕНКО?","принима,дональд,жертв,порошенк",жертв (0.208;0.833;0.534) ,0.208,0.833,0.534
Боксер Усик готов защищать Киево-Печерскую лавру от украинских националистов,"боксер,усик,готов,защища,киев,печерск,лавр,украинск,националист","усик (0.470;0.451;0.348) ,готов (0.847;0.500;0.412) ",0.658,0.476,0.38
"Украинские раскольники изменили устав ""новой церкви""","украинск,раскольник,изменя,уста,нов,церков",нов (0.917;0.490;0.582) ,0.917,0.49,0.582
Украинский боксер Усик пообещал защитить Киево-Печерскую лавру от автокефальных радикалов,"украинск,боксер,усик,пообеща,защища,киев,печерск,лавр,автокефальн,радика",усик (0.470;0.451;0.348) ,0.47,0.451,0.348
Боксер Усик готов защищать Киево-Печерскую лавру от украинских националистов,"боксер,усик,готов,защища,киев,печерск,лавр,украинск,националист","усик (0.470;0.451;0.348) ,готов (0.847;0.500;0.412) ",0.658,0.476,0.38
Глава пресс-службы УПЦ: Раскольники уже сами не хотят связываться с томосом,"глав,пресс,служб,упц,раскольник,хотет,связыва,томос","глав (0.550;0.410;0.345) ,хотет (0.671;0.642;0.598) ",0.611,0.526,0.471
Впечатление московской журналистки от поездки в Киев (ФОТО),"впечатлен,московск,журналистк,поездк,ки,фот",ки (0.521;0.433;0.484) ,0.521,0.433,0.484
"Незалежная ""в положении"": пустые поезда","незалежн,положен,пуст,поезд",положен (0.450;0.520;0.547) ,0.45,0.52,0.547
Раскол на Украине: посмотреть правде в глаза,"раскол,украин,посмотрет,правд,глаз",посмотрет (0.633;0.588;0.586) ,0.633,0.588,0.586
ДЛЯ ПАЦИЕНТОВ ЖИТОМИРСКОГО ПСИХИАТРИЧЕСКОГО ДИСПАНСЕРА,"пациент,житомирск,психиатрическ,диспансер",психиатрическ (0.210;0.616;0.525) ,0.21,0.616,0.525
СБУ запретили проез Донецкого митрополита,"сбу,запреща,проез,донецк,митропол",запреща (0.115;0.430;0.269) ,0.115,0.43,0.269
"Владимир Малинкович: Тема томоса и ""поместной церкви"" Запад совершенно не интересует","владимир,малинкович,тем,томос,поместн,церков,запад,совершен,интересова",совершен (0.472;0.519;0.582) ,0.472,0.519,0.582
"Нетрадиционные отцы украинской ""поместной церкви""","нетрадицион,отец,украинск,поместн,церков",нетрадицион (0.177;0.509;0.288) ,0.177,0.509,0.288
"РПЦ: Упразднение ""русского экзархата"" в Европе – это уничтожение церковного единства","рпц,упразднен,русск,экзархат,европ,уничтожен,церковн,единств",уничтожен (0.080;0.760;0.324) ,0.08,0.76,0.324
"Запад может ""утопить"" Порошенко и в Азовском море","запад,моч,утаплива,порошенк,азовск,мор","моч (0.449;0.529;0.391) ,мор (0.122;0.660;0.283) ",0.285,0.595,0.337
"Грабёж церквей УПЦ - радикалы уже на ""низком старте""","граб,церков,упц,радика,низк,старт",граб (0.112;0.840;0.500) ,0.112,0.84,0.5
Российская агрессия в Азовском море. Почему это касается Европы? (Le Huffington Post),"российск,агресс,азовск,мор,поч,эт,каса,европ,le,huffington,post","агресс (0.094;0.929;0.533) ,мор (0.122;0.660;0.283) ",0.108,0.794,0.408
ВОЗМОЖНО ЮЛЮ БУДУТ БИТЬ,"возможн,юл,бит","юл (0.469;0.627;0.404) ,бит (0.279;0.647;0.492) ",0.374,0.637,0.448
"Порошенко и ""агенты Кремля"" в рясах. Отступать некуда","порошенк,агент,кремл,ряс,отступа,некуд",отступа (0.312;0.525;0.278) ,0.312,0.525,0.278
"Порошенко и ""агенты Кремля"" в рясах. Отступать некуда","порошенк,агент,кремл,ряс,отступа,некуд",отступа (0.312;0.525;0.278) ,0.312,0.525,0.278
РПЦ: ересь Константинополя разбилась о принципиальность УПЦ МП,"рпц,ер,константинопол,разбива,принципиальн,упц,мп",ер (0.265;0.765;0.443) ,0.265,0.765,0.443
"Порошенко и ""агенты Кремля"" в рясах. Отступать ему некуда","порошенк,агент,кремл,ряс,отступа,некуд",отступа (0.312;0.525;0.278) ,0.312,0.525,0.278
"Глава одесского ""евромайдана"" призвал к войне с Россией","глав,одесск,евромайда,призыва,войн,росс",глав (0.550;0.410;0.345) ,0.55,0.41,0.345
Порошенко начал захваты православных святынь,"порошенк,начина,захват,православн,святын","начина (0.490;0.480;0.387) ,захват (0.357;0.650;0.537) ",0.423,0.565,0.462
Украина показывает Путину ночной кошмар. И вполне успешно,"украин,показыва,путин,ночн,кошмар,вполн,успешн","ночн (0.540;0.500;0.462) ,кошмар (0.005;0.810;0.436) ",0.273,0.655,0.449
Почему на Украине невозможны перемены? Во всяком случае,"поч,украин,невозможн,перем,всяк,случа","невозможн (0.170;0.625;0.306) ,случа (0.520;0.663;0.585) ",0.345,0.644,0.446
Константинопольский рейдер Варфоломей,"константинопольск,рейдер,варфолом",рейдер (0.302;0.860;0.525) ,0.302,0.86,0.525
В Ровно патриоты обвинили УПЦ в пытках украинских моряков и облили краской дверь епархии,"ровн,патриот,обвиня,упц,пытк,украинск,моряк,облива,краск,двер,епарх","обвиня (0.133;0.752;0.500) ,пытк (0.115;0.878;0.555) ",0.124,0.815,0.528
СМИ: Константинополь распустил русские приходы в Западной Европе,"сми,константинопол,распуска,русск,приход,западн,европ",западн (0.177;0.775;0.508) ,0.177,0.775,0.508
В Ровно патриоты обвинили УПЦ в пытках украинских моряков и облили краской дверь епархии,"ровн,патриот,обвиня,упц,пытк,украинск,моряк,облива,краск,двер,епарх","обвиня (0.133;0.752;0.500) ,пытк (0.115;0.878;0.555) ",0.124,0.815,0.528
Ляшко заблокировал трибуну: заседание Верховной Рады о введении военного положения на Украине началось со скандала,"ляшк,заблокирова,трибун,заседан,верховн,рад,введен,воен,положен,украин,начина,сканда","рад (0.573;0.402;0.358) ,положен (0.450;0.520;0.547) ,начина (0.490;0.480;0.387) ,сканда (0.122;0.821;0.557) ",0.409,0.556,0.462
Военное положение на Украине — способ решения проблемы удержания власти,"воен,положен,украин,способ,решен,проблем,удержан,власт","положен (0.450;0.520;0.547) ,проблем (0.062;0.644;0.415) ,удержан (0.344;0.490;0.558) ",0.285,0.551,0.507
Классическая агония,"классическ,агон",агон (0.083;0.775;0.393) ,0.083,0.775,0.393
Военное положение на Украине - способ решения проблемы удержания власти,"воен,положен,украин,способ,решен,проблем,удержан,власт","положен (0.450;0.520;0.547) ,проблем (0.062;0.644;0.415) ,удержан (0.344;0.490;0.558) ",0.285,0.551,0.507
Последний шанс для бабушки: Киев наводнила антиреклама Тимошенко,"последн,шанс,бабушк,ки,наводня,антиреклам,тимошенк","шанс (0.833;0.551;0.525) ,ки (0.521;0.433;0.484) ",0.677,0.492,0.504
"Подонки! Твари!: ветеран ""АТО"" говорит правду об украинской власти","подонок,твар,ветера,ат,говор,правд,украинск,власт","подонок (0.094;0.788;0.357) ,ат (0.510;0.500;0.433) ,говор (0.765;0.472;0.500) ",0.456,0.587,0.43
"Подонки! Твари!: ветеран ""АТО"" говорит правду об украинской власти (ВИДЕО)","подонок,твар,ветера,ат,говор,правд,украинск,власт,виде","подонок (0.094;0.788;0.357) ,ат (0.510;0.500;0.433) ,говор (0.765;0.472;0.500) ,виде (0.646;0.577;0.427) ",0.504,0.584,0.429
Дела автокефальные: поклонник Мазепы может получить томос в Украине,"дел,автокефальн,поклонник,мазеп,моч,получа,томос,украин","поклонник (0.781;0.429;0.357) ,моч (0.449;0.529;0.391) ",0.615,0.479,0.374
"Филарет предложил кандидата на пост главы новой украинской ""церкви""","филарет,предлага,кандидат,пост,глав,нов,украинск,церков","предлага (0.750;0.745;0.596) ,глав (0.550;0.410;0.345) ,нов (0.917;0.490;0.582) ",0.739,0.548,0.508
Бывший АТОшник высказал мнение о нынешней власти на Украине,"бывш,атошник,высказыва,мнен,нынешн,власт,украин",бывш (0.250;0.520;0.306) ,0.25,0.52,0.306
Из каких епископов пытаются создать единую церковь на Украине,"епископ,пыта,создава,един,церков,украин",пыта (0.062;0.890;0.361) ,0.062,0.89,0.361
На тризубе поставили крест: В Сети обсуждают странные конструкции на Майдане (ФОТО),"тризуб,поставля,крест,сет,обсужда,стран,конструкц,майда,фот","крест (0.739;0.426;0.594) ,обсужда (0.396;0.769;0.509) ",0.568,0.598,0.551
Вселенский патриархат объявит дату вручения томоса украинским раскольникам в декабре,"вселенск,патриархат,объявля,дат,вручен,томос,украинск,раскольник,декабр",декабр (0.740;0.540;0.464) ,0.74,0.54,0.464
"Филарет предложил кандидата на пост главы новой украинской ""церкви""","филарет,предлага,кандидат,пост,глав,нов,украинск,церков","предлага (0.750;0.745;0.596) ,глав (0.550;0.410;0.345) ,нов (0.917;0.490;0.582) ",0.739,0.548,0.508
ПОСЛЕДНИЕ СВОДКИ — 19.11.2018 (ОБНОВЛЯЕТСЯ!),"последн,сводк,обновля",обновля (0.656;0.633;0.541) ,0.656,0.633,0.541
Ищенко: Любой перешедший на сторону Порошенко епископ поставит себя вне церкви,"ищенк,люб,переход,сторон,порошенк,епископ,поставля,вне,церков","переход (0.605;0.561;0.558) ,сторон (0.184;0.438;0.370) ",0.394,0.5,0.464
Ищенко: Любой перешедший на сторону Порошенко епископ поставит себя вне церкви,"ищенк,люб,переход,сторон,порошенк,епископ,поставля,вне,церков","переход (0.605;0.561;0.558) ,сторон (0.184;0.438;0.370) ",0.394,0.5,0.464
СМИ: глава канонической Украинской православной церкви Онуфрий дал отпор ереси Порошенко,"сми,глав,каноническ,украинск,православн,церков,онуфр,дава,отпор,ер,порошенк","глав (0.550;0.410;0.345) ,ер (0.265;0.765;0.443) ",0.408,0.588,0.394
"Стала известна предполагаемая дата ""объединительного собора"" на Украине","станов,известн,предполага,дат,объединительн,собор,украин",предполага (0.698;0.401;0.464) ,0.698,0.401,0.464
"Украинские раскольники признали заминку с проведением ""объединительного"" собора и получением томоса","украинск,раскольник,признава,заминк,проведен,объединительн,собор,получен,томос","заминк (0.512;0.480;0.554) ,проведен (0.656;0.557;0.443) ",0.584,0.518,0.499
И томос светится в дыму...: Интернет смеётся над авариями на теплосетях Киева (ФОТО),"томос,свет,дым,интернет,сме,тся,авар,теплосет,ки,фот","дым (0.300;0.454;0.372) ,сме (0.469;0.452;0.463) ,авар (0.125;0.908;0.336) ,ки (0.521;0.433;0.484) ",0.354,0.562,0.414
Томос для Украины: в Киев едет ревизор из Константинополя,"томос,украин,ки,еха,ревизор,константинопол",ки (0.521;0.433;0.484) ,0.521,0.433,0.484
"Священник Андрей Ткачев: ""Епископы УПЦ указали раскольникам их место!""","священник,андр,ткач,епископ,упц,указыва,раскольник,мест",мест (0.427;0.410;0.312) ,0.427,0.41,0.312
Порошенко разочаровал Варфоломея из Стамбула,"порошенк,разочаровыва,варфолом,стамбул",разочаровыва (0.150;0.633;0.288) ,0.15,0.633,0.288
ПОСЛЕДНИЕ СВОДКИ — 14.11.2018 (ОБНОВЛЯЕТСЯ!),"последн,сводк,обновля",обновля (0.656;0.633;0.541) ,0.656,0.633,0.541
УПЦ МП заявила о невозможности присоединения к автокефальной церкви,"упц,мп,заявля,невозможн,присоединен,автокефальн,церков",невозможн (0.170;0.625;0.306) ,0.17,0.625,0.306
УПЦ сообщила о невозможности присоединения к автокефальной церкви,"упц,сообща,невозможн,присоединен,автокефальн,церков","сообща (0.418;0.442;0.567) ,невозможн (0.170;0.625;0.306) ",0.294,0.533,0.436
Время томоса: Кризис назрел,"врем,томос,кризис,назрева",кризис (0.208;0.811;0.431) ,0.208,0.811,0.431
Советник Порошенко: УПЦ МП – слаба и не сможет выступить против президента,"советник,порошенк,упц,мп,слаб,смоч,выступа,прот,президент",слаб (0.063;0.429;0.167) ,0.063,0.429,0.167
ДАВАЙТЕ ПОСМОТРИМ НА ОБЩУЮ КАРТИНУ С ВЫСОТЫ ГОЛУБИНОГО ПОМЕТА,"дава,посмотрет,общ,картин,высот,голубин,помет",посмотрет (0.633;0.588;0.586) ,0.633,0.588,0.586
Время томоса: Кризис назрел,"врем,томос,кризис,назрева",кризис (0.208;0.811;0.431) ,0.208,0.811,0.431
Украина: почему бегут крысы?,"украин,поч,бежа,крыс","бежа (0.224;0.639;0.322) ,крыс (0.271;0.567;0.255) ",0.247,0.603,0.288
Украина: почему бегут крысы?,"украин,поч,бежа,крыс","бежа (0.224;0.639;0.322) ,крыс (0.271;0.567;0.255) ",0.247,0.603,0.288
Раскольники Филарет и Макарий отреклись от руководства автокефальной церковью,"раскольник,филарет,макар,отрека,руководств,автокефальн,церков","макар (0.802;0.601;0.368) ,отрека (0.153;0.637;0.368) ",0.478,0.619,0.368
Нечисть правит Украиной,"нечист,прав,украин","нечист (0.260;0.560;0.208) ,прав (0.458;0.473;0.444) ",0.359,0.516,0.326
Предвыборная схватка: проститутки против пид…сов,"предвыборн,схватк,проститутк,прот,пид,сов",проститутк (0.198;0.798;0.330) ,0.198,0.798,0.33
ПРОСТИТУТКИ С ПИДАРАСАМИ ДЕРУТСЯ,"проститутк,пидарас,драт",проститутк (0.198;0.798;0.330) ,0.198,0.798,0.33
Предвыборная схватка: проститутки против пид…сов,"предвыборн,схватк,проститутк,прот,пид,сов",проститутк (0.198;0.798;0.330) ,0.198,0.798,0.33
"Парубий назвал срок проведения ""объединительного собора"" украинских раскольников","паруб,называ,срок,проведен,объединительн,собор,украинск,раскольник","срок (0.406;0.769;0.411) ,проведен (0.656;0.557;0.443) ",0.531,0.663,0.427
"Кто кому доктор. ""Сбитый летчик"" Филарет и раскольник-узурпатор Варфоломей","доктор,сбива,летчик,филарет,раскольник,узурпатор,варфолом",летчик (0.541;0.647;0.573) ,0.541,0.647,0.573
Порошенко и Варфоломей окончательно предали единство мирового православия,"порошенк,варфолом,окончательн,предава,единств,миров,православ",предава (0.042;0.870;0.536) ,0.042,0.87,0.536
Гибридные санкции Путина,"гибридн,санкц,путин",санкц (0.201;0.750;0.517) ,0.201,0.75,0.517
Патриарх Кирилл: Украинские власти не смогут разорвать духовную общность народов,"патриарх,кирилл,украинск,власт,смоч,разрыва,духовн,общност,народ",разрыва (0.156;0.635;0.451) ,0.156,0.635,0.451
Четыре барьера на пути к томосу,"четыр,барьер,пут,томос","барьер (0.333;0.480;0.562) ,пут (0.646;0.410;0.519) ",0.49,0.445,0.54
Вадим Карасев: В действиях Порошенко нет солидарности с народом,"вад,карас,действ,порошенк,солидарн,народ",действ (0.698;0.643;0.500) ,0.698,0.643,0.5
Вадим Карасев: В действиях Порошенко нет солидарности с народом,"вад,карас,действ,порошенк,солидарн,народ",действ (0.698;0.643;0.500) ,0.698,0.643,0.5
Митрополит Онуфрий отказался отпевать раскольников,"митропол,онуфр,отказыва,отпева,раскольник",отказыва (0.235;0.509;0.321) ,0.235,0.509,0.321
Варфоломей и его западные кураторы создают антитезу христианству.,"варфолом,западн,куратор,создава,антитез,христианств","западн (0.177;0.775;0.508) ,антитез (0.396;0.412;0.536) ",0.286,0.594,0.522
Раскол русского православия — геополитическая катастрофа сравнимая с распадом СССР. Интервью с Олегом Царевым,"раскол,русск,православ,геополитическ,катастроф,сравним,распад,ссср,интерв,олег,цар",сравним (0.562;0.443;0.458) ,0.562,0.443,0.458
Раскол русского православия - геополитическая катастрофа сравнимая с распадом СССР. Интервью с Олегом Царевым,"раскол,русск,православ,геополитическ,катастроф,сравним,распад,ссср,интерв,олег,цар",сравним (0.562;0.443;0.458) ,0.562,0.443,0.458
Филарет не хочет обсуждать разногласия среди раскольников до Собора,"филарет,хотет,обсужда,разноглас,сред,раскольник,собор","хотет (0.671;0.642;0.598) ,обсужда (0.396;0.769;0.509) ,разноглас (0.104;0.618;0.236) ",0.39,0.676,0.448
Иерусалимский патриархат принял сторону Константинополя в конфликте с РПЦ,"иерусалимск,патриархат,принима,сторон,константинопол,конфликт,рпц","сторон (0.184;0.438;0.370) ,конфликт (0.335;0.906;0.471) ",0.26,0.672,0.42
Глава УПЦ: Предоставление томоса породит новые расколы внутри православия,"глав,упц,предоставлен,томос,порожда,нов,раскол,внутр,православ","глав (0.550;0.410;0.345) ,нов (0.917;0.490;0.582) ,внутр (0.612;0.404;0.472) ",0.693,0.435,0.466
Византийские игры патриарха Варфоломея,"византийск,игр,патриарх,варфолом","византийск (0.546;0.443;0.492) ,игр (0.735;0.788;0.493) ",0.641,0.616,0.492
Первый штурм православия не удался. Киев и Фанар приступили к правильной осаде,"перв,штурм,православ,удава,ки,фанар,приступа,правильн,осад","ки (0.521;0.433;0.484) ,осад (0.271;0.750;0.567) ",0.396,0.592,0.525
Глава УПЦ: Пусть Варфоломей устраняет раскол в своей епархии,"глав,упц,пуст,варфолом,устраня,раскол,сво,епарх",глав (0.550;0.410;0.345) ,0.55,0.41,0.345
План для Украины: Сначала расколоть церковь,"план,украин,снача,раскалыва,церков",раскалыва (0.296;0.545;0.389) ,0.296,0.545,0.389
"Фильм ""Донбасс"": расчеловечить ""донецких орков""","фильм,донбасс,расчеловеч,донецк,орк","фильм (0.823;0.491;0.566) ,орк (0.240;0.510;0.388) ",0.531,0.5,0.477
"Фильм ""Донбасс"": расчеловечить ""донецких орков""","фильм,донбасс,расчеловеч,донецк,орк","фильм (0.823;0.491;0.566) ,орк (0.240;0.510;0.388) ",0.531,0.5,0.477
"Украинские раскольники оценили шансы белорусских ""коллег"" на автокефалию","украинск,раскольник,оценива,шанс,белорусск,коллег,автокефал",шанс (0.833;0.551;0.525) ,0.833,0.551,0.525
Порошенко под огнём критики: про президентские выборы можно забыть?,"порошенк,огн,м,критик,президентск,выбор,забыва",огн (0.750;0.480;0.575) ,0.75,0.48,0.575
Порошенко под огнём критики: про президентские выборы можно забыть?,"порошенк,огн,м,критик,президентск,выбор,забыва",огн (0.750;0.480;0.575) ,0.75,0.48,0.575
Подводные камни для украинского томоса,"подводн,камен,украинск,томос",подводн (0.545;0.490;0.425) ,0.545,0.49,0.425
Разбитое корыто раскола,"разбит,корыт,раскол",разбит (0.080;0.790;0.306) ,0.08,0.79,0.306
Парубий подписал постановление о санкциях против двух телеканалов за пропаганду России,"паруб,подписыва,постановлен,санкц,прот,телекана,пропаганд,росс",санкц (0.201;0.750;0.517) ,0.201,0.75,0.517
Протоиерей Алексей Слюсаренко: Донбасс в 2014 году обеспечил своё будущее в лоне единой Русской Православной Церкви,"протоиер,алекс,слюсаренк,донбасс,год,обеспечива,сво,будущ,лон,един,русск,православн,церков",лон (0.612;0.588;0.404) ,0.612,0.588,0.404
The Diplomat: Россия замалчивает провал проекта Су-57,"the,diplomat,росс,замалчива,прова,проект,су",прова (0.125;0.490;0.268) ,0.125,0.49,0.268
Максакова рассказала о захвате ее квартиры в Киеве‍,"максак,рассказыва,захват,квартир,ки","захват (0.357;0.650;0.537) ,ки (0.521;0.433;0.484) ",0.439,0.541,0.51
Разбитое корыто раскола,"разбит,корыт,раскол",разбит (0.080;0.790;0.306) ,0.08,0.79,0.306
"Андрей Стеценко - Украинские выборы: Киев разыгрывает карту защиты от ""вмешательства России""","андр,стеценк,украинск,выбор,ки,разыгрыва,карт,защит,вмешательств,росс","ки (0.521;0.433;0.484) ,защит (0.663;0.451;0.582) ",0.592,0.442,0.533
Мне никакого из вас не жаль! Реакция украинских соцсетей на взрыв в Керчи,"никак,жал,реакц,украинск,соцсет,взрыв,керч",жал (0.279;0.625;0.508) ,0.279,0.625,0.508
"Политический проект ""украинской автокефалии"" обречён на провал","политическ,проект,украинск,автокефал,обреч,н,прова",прова (0.125;0.490;0.268) ,0.125,0.49,0.268
"Политический проект ""украинской автокефалии"" обречён на провал","политическ,проект,украинск,автокефал,обреч,н,прова",прова (0.125;0.490;0.268) ,0.125,0.49,0.268
Офанаревший Порошенко и Третий рейх в Киеве,"офанарева,порошенк,трет,рейх,ки",ки (0.521;0.433;0.484) ,0.521,0.433,0.484
Россия делает еще один шаг к серьезному расколу в православной церкви (The New York Times),"росс,дела,шаг,серьезн,раскол,православн,церков,the,new,york,times",дела (0.670;0.548;0.536) ,0.67,0.548,0.536
Бортник: Автокефалией украинская власть отрывает народ от реальности,"бортник,автокефал,украинск,власт,отрыва,народ,реальност",отрыва (0.357;0.625;0.450) ,0.357,0.625,0.45
Золотарев: Порошенко сознательно уничтожает систему отношений государства и церкви,"золотар,порошенк,сознательн,уничтожа,систем,отношен,государств,церков",уничтожа (0.250;0.539;0.569) ,0.25,0.539,0.569
Киев: как прошёл день нацистов,"ки,прош,л,ден,нацист",ки (0.521;0.433;0.484) ,0.521,0.433,0.484
Горькие уроки. Происки Константинополя против Русской православной церкви,"горьк,урок,происк,константинопол,прот,русск,православн,церков","горьк (0.218;0.627;0.411) ,урок (0.704;0.577;0.593) ",0.461,0.602,0.502
Православный раскол: Константинополь передавал Москве Киев и Львов. А хочет получить еще и Одессу,"православн,раскол,константинопол,передава,москв,ки,лев,хотет,получа,одесс","ки (0.521;0.433;0.484) ,хотет (0.671;0.642;0.598) ",0.596,0.537,0.541
Ночью неизвестные бросили коктейль Молотова в офис партии Порошенко,"ноч,неизвестн,броса,коктейл,молот,офис,парт,порошенк","неизвестн (0.286;0.775;0.402) ,броса (0.558;0.620;0.517) ,коктейл (0.740;0.480;0.381) ,молот (0.260;0.510;0.472) ",0.461,0.596,0.443
Украинское православие: отложенная расправа,"украинск,православ,откладыва,расправ","откладыва (0.245;0.459;0.317) ,расправ (0.125;0.788;0.545) ",0.185,0.624,0.431
Офанаревший Порошенко и Третий рейх в Киеве,"офанарева,порошенк,трет,рейх,ки",ки (0.521;0.433;0.484) ,0.521,0.433,0.484
Итоги недели. Что и как подрывает Украину,"итог,недел,подрыва,украин",подрыва (0.316;0.491;0.413) ,0.316,0.491,0.413
До Томоса будет тихо? Почему неонацисты побоялись захватывать храмы на Покров (ФОТО,"томос,тих,поч,неонацист,побоя,захватыва,храм,покр,фот",покр (0.562;0.458;0.457) ,0.562,0.458,0.457
"Как в Киеве отметили ""день УПА""","ки,отмеча,ден,уп",ки (0.521;0.433;0.484) ,0.521,0.433,0.484
Вселенский патриарх перебирается в Киев,"вселенск,патриарх,перебира,ки",ки (0.521;0.433;0.484) ,0.521,0.433,0.484
Как в Киеве празднуют духовный разрыв с Москвой,"ки,празднова,духовн,разр,москв","ки (0.521;0.433;0.484) ,разр (0.303;0.439;0.250) ",0.412,0.436,0.367
"Ждем ""Термос"": Жители Киева отреагировали на заявление Кличко о горячей воде","ждат,термос,жител,ки,отреагирова,заявлен,кличк,горяч,вод","ки (0.521;0.433;0.484) ,горяч (0.490;0.740;0.573) ",0.506,0.587,0.528
Украинский томос: борьба за власть и очередная порция унижений для России,"украинск,томос,борьб,власт,очередн,порц,унижен,росс",унижен (0.354;0.590;0.417) ,0.354,0.59,0.417
"Ждем ""Термос"": Жители Киева отреагировали на заявление Кличко о горячей воде","ждат,термос,жител,ки,отреагирова,заявлен,кличк,горяч,вод","ки (0.521;0.433;0.484) ,горяч (0.490;0.740;0.573) ",0.506,0.587,0.528
Вселенский патриарх перебирается в Киев,"вселенск,патриарх,перебира,ки",ки (0.521;0.433;0.484) ,0.521,0.433,0.484
Новинский: Захваты православных храмов на Украине разожгут гражданское противостояние,"новинск,захват,православн,храм,украин,разжига,гражданск,противостоян",захват (0.357;0.650;0.537) ,0.357,0.65,0.537
Украина должна на 90% сократить затраты на власть - Колесников,"украин,должн,сокраща,затрат,власт,колесник",затрат (0.240;0.633;0.396) ,0.24,0.633,0.396
Ночью неизвестные бросили коктейль Молотова в офис партии Порошенко,"ноч,неизвестн,броса,коктейл,молот,офис,парт,порошенк","неизвестн (0.286;0.775;0.402) ,броса (0.558;0.620;0.517) ,коктейл (0.740;0.480;0.381) ,молот (0.260;0.510;0.472) ",0.461,0.596,0.443
Ожидание раскола на Украине лишь усиливается,"ожидан,раскол,украин,лиш,усилива",ожидан (0.581;0.622;0.558) ,0.581,0.622,0.558
Время унижения России: как в Киеве Томос отмечали,"врем,унижен,росс,ки,томос,отмеча","унижен (0.354;0.590;0.417) ,ки (0.521;0.433;0.484) ",0.438,0.511,0.451
Порошенко старательно разжигает религиозную войну ради победы на выборах,"порошенк,старательн,разжига,религиозн,войн,рад,побед,выбор",рад (0.573;0.402;0.358) ,0.573,0.402,0.358
В РПЦ предлагают созвать Всеправославный собор для низложения патриарха Варфоломея,"рпц,предлага,созыва,всеправославн,собор,низложен,патриарх,варфолом",предлага (0.750;0.745;0.596) ,0.75,0.745,0.596
Высокопоставленные чиновники ПАСЕ обвинили украинскую делегацию в недостойном поведении,"высокопоставлен,чиновник,пас,обвиня,украинск,делегац,недостойн,поведен","обвиня (0.133;0.752;0.500) ,недостойн (0.123;0.471;0.288) ",0.128,0.611,0.394
Протоиерей Андрей Ткачев: России необходимо срочно менять внешнеполитическую риторику,"протоиер,андр,ткач,росс,необходим,срочн,меня,внешнеполитическ,риторик",риторик (0.417;0.429;0.504) ,0.417,0.429,0.504
Великобритания отказала в выдаче свыше 60 россиян,"великобритан,отказыва,выдач,свыш,россиянин","отказыва (0.235;0.509;0.321) ,выдач (0.229;0.627;0.554) ",0.232,0.568,0.438
В РПЦ предлагают созвать Всеправославный собор для низложения патриарха Варфоломея,"рпц,предлага,созыва,всеправославн,собор,низложен,патриарх,варфолом",предлага (0.750;0.745;0.596) ,0.75,0.745,0.596
Филарет призвал священников Московского патриархата присоединиться к украинским раскольникам,"филарет,призыва,священник,московск,патриархат,присоединя,украинск,раскольник",присоединя (0.698;0.510;0.537) ,0.698,0.51,0.537
Песков: Россия готова защищать православных на Украине,"песк,росс,готов,защища,православн,украин",готов (0.847;0.500;0.412) ,0.847,0.5,0.412
"Порошенко проверил готовность войск к отпору ""российской агрессии"" с Азова","порошенк,проверя,готовн,войск,отпор,российск,агресс,аз","проверя (0.459;0.539;0.472) ,агресс (0.094;0.929;0.533) ",0.277,0.734,0.502
Пентагон запретил летать на F-35,"пентагон,запреща,лета,f",запреща (0.115;0.430;0.269) ,0.115,0.43,0.269
"Госдеп потребовал от Москвы отменить ""незаконные","госдеп,потребова,москв,отменя,незакон",незакон (0.094;0.635;0.427) ,0.094,0.635,0.427
Волкер: Томос об автокефалии станет последней точкой в процессе расставания Украины с Россией,"волкер,томос,автокефал,станов,последн,точк,процесс,расставан,украин,росс",расставан (0.260;0.542;0.353) ,0.26,0.542,0.353
Украинский томос: борьба за власть и очередная порция унижений для России,"украинск,томос,борьб,власт,очередн,порц,унижен,росс",унижен (0.354;0.590;0.417) ,0.354,0.59,0.417
Автокефалией Порошенко пытается поднять свой рейтинг,"автокефал,порошенк,пыта,подыма,сво,рейтинг",пыта (0.062;0.890;0.361) ,0.062,0.89,0.361
Андрей Стеценко - Автокефалия для Порошенко: Украина начала раскол в православном мире,"андр,стеценк,автокефал,порошенк,украин,начина,раскол,православн,мир",начина (0.490;0.480;0.387) ,0.49,0.48,0.387
Порошенко отклонил петицию о его несоответствующем Конституции обращении к Константинополю,"порошенк,отклоня,петиц,несоответствова,конституц,обращен,константинопол","отклоня (0.146;0.765;0.431) ,петиц (0.498;0.575;0.415) ,обращен (0.663;0.598;0.558) ",0.436,0.646,0.468
Две общины Украинской православной церкви будут судиться с Радой из-за томоса,"общин,украинск,православн,церков,суд,рад,томос",рад (0.573;0.402;0.358) ,0.573,0.402,0.358
Кандидат в антихристы,"кандидат,антихрист",антихрист (0.082;0.837;0.544) ,0.082,0.837,0.544
В Стамбуле начался синод по вопросу украинской автокефалии,"стамбул,начина,синод,вопрос,украинск,автокефал","начина (0.490;0.480;0.387) ,вопрос (0.316;0.819;0.351) ",0.403,0.649,0.369
Медведчук: Вмешиваясь в церковные дела Киев нарушает конституцию,"медведчук,вмешива,церковн,дел,ки,наруша,конституц","ки (0.521;0.433;0.484) ,наруша (0.357;0.618;0.472) ",0.439,0.525,0.478
На Украине ажиотаж с претендентами на должность Порошенко═,"украин,ажиотаж,претендент,должност,порошенк","претендент (0.465;0.474;0.433) ,должност (0.604;0.451;0.538) ",0.534,0.463,0.486
Медведчук: Президент и Рада нарушают Конституцию Украины,"медведчук,президент,рад,наруша,конституц,украин","рад (0.573;0.402;0.358) ,наруша (0.357;0.618;0.472) ",0.465,0.51,0.415
Почему Россия только обороняется на украинском направлении?,"поч,росс,обороня,украинск,направлен",направлен (0.542;0.490;0.541) ,0.542,0.49,0.541
Медведчук: Вмешиваясь в церковные дела Киев нарушает конституцию,"медведчук,вмешива,церковн,дел,ки,наруша,конституц","ки (0.521;0.433;0.484) ,наруша (0.357;0.618;0.472) ",0.439,0.525,0.478
В Хмельницкой области 22 ребенка попали в больницу с отравлением,"хмельницк,област,ребенок,попада,больниц,отравлен","ребенок (0.912;0.460;0.413) ,больниц (0.323;0.537;0.598) ,отравлен (0.057;0.808;0.402) ",0.431,0.602,0.471
"Диктатура мовы: ""Киева больше нет. Есть Кыив""","диктатур,мов,ки,кы",ки (0.521;0.433;0.484) ,0.521,0.433,0.484
Азаров: Киев хочет объединить церковь путем уничтожения УПЦ МПа,"азар,ки,хотет,объединя,церков,пут,уничтожен,упц,мпа","ки (0.521;0.433;0.484) ,хотет (0.671;0.642;0.598) ,пут (0.646;0.410;0.519) ,уничтожен (0.080;0.760;0.324) ",0.48,0.561,0.481
Азаров: Порошенко идёт на второй срок путём репрессий и запугивания,"азар,порошенк,ид,т,втор,срок,пут,м,репресс,запугиван","срок (0.406;0.769;0.411) ,пут (0.646;0.410;0.519) ",0.526,0.59,0.465
Порошенко платит за рекламу Томоса из своего кармана,"порошенк,плат,реклам,томос,сво,карма",реклам (0.600;0.566;0.539) ,0.6,0.566,0.539
Крестовый поход Турчинова,"крестов,поход,турчин",поход (0.615;0.442;0.538) ,0.615,0.442,0.538
Крестовый поход Турчинова,"крестов,поход,турчин",поход (0.615;0.442;0.538) ,0.615,0.442,0.538
Подлость перед Богом. Червоненко заявил,"подлост,бог,червоненк,заявля",подлост (0.102;0.694;0.368) ,0.102,0.694,0.368
Подлость перед Богом. Червоненко заявил,"подлост,бог,червоненк,заявля",подлост (0.102;0.694;0.368) ,0.102,0.694,0.368
Чем Вашингтон шантажирует патриарха Варфоломея?,"вашингтон,шантажирова,патриарх,варфолом",шантажирова (0.094;0.802;0.482) ,0.094,0.802,0.482
ПОСЛЕДНИЕ СВОДКИ — 29.09.2018 (ОБНОВЛЯЕТСЯ!),"последн,сводк,обновля",обновля (0.656;0.633;0.541) ,0.656,0.633,0.541
Неонацисты захватили храм Украинской православной церкви в Ивано-Франковской области,"неонацист,захват,храм,украинск,православн,церков,ива,франковск,област",захват (0.357;0.650;0.537) ,0.357,0.65,0.537
"УПЦ: ""Миротворец"" разжигает религиозную ненависть","упц,миротворец,разжига,религиозн,ненавист",ненавист (0.037;0.847;0.424) ,0.037,0.847,0.424
"После Томоса: в УПЦ МП предрекли ""многовековое разделение"" Украины","томос,упц,мп,предрека,многовеков,разделен,украин",разделен (0.271;0.623;0.391) ,0.271,0.623,0.391
Экс-депутат: ради наживы Порошенко специально втягивает Украину в религиозную войну,"экс,депутат,рад,нажив,порошенк,специальн,втягива,украин,религиозн,войн","рад (0.573;0.402;0.358) ,втягива (0.316;0.443;0.358) ",0.445,0.422,0.358
Глава УПЦ Московского патриархата отказался встречаться с экзархами Константинополя,"глав,упц,московск,патриархат,отказыва,встреча,экзарх,константинопол","глав (0.550;0.410;0.345) ,отказыва (0.235;0.509;0.321) ",0.393,0.46,0.333
ЕСТЬ ЛИ ПРЕДЕЛ ЭЛЕКТОРАЛЬНОЙ ЕП…СТИ НАЦИИ,"предел,электоральн,еп,сти,нац",предел (0.427;0.453;0.500) ,0.427,0.453,0.5
Глава УПЦ МП Онуфрий категорично отказался встречаться с экзархами Константинополя,"глав,упц,мп,онуфр,категоричн,отказыва,встреча,экзарх,константинопол","глав (0.550;0.410;0.345) ,отказыва (0.235;0.509;0.321) ",0.393,0.46,0.333
Глава УПЦ Московского патриархата отказался встречаться с экзархами Константинополя,"глав,упц,московск,патриархат,отказыва,встреча,экзарх,константинопол","глав (0.550;0.410;0.345) ,отказыва (0.235;0.509;0.321) ",0.393,0.46,0.333
Глава УПЦ МП Онуфрий категорично отказался встречаться с экзархами Константинополя,"глав,упц,мп,онуфр,категоричн,отказыва,встреча,экзарх,константинопол","глав (0.550;0.410;0.345) ,отказыва (0.235;0.509;0.321) ",0.393,0.46,0.333
Патриарх Варфоломей: Украина имеет право на получение автокефалии,"патриарх,варфолом,украин,имет,прав,получен,автокефал",прав (0.458;0.473;0.444) ,0.458,0.473,0.444
ОЧЕНЬ ОДИНОКИЙ ПЕТУХ,"очен,одинок,петух",петух (0.418;0.562;0.392) ,0.418,0.562,0.392
На всё готовый Порошенко,"вс,готов,порошенк",готов (0.847;0.500;0.412) ,0.847,0.5,0.412
П и иностранные агенты,"п,иностра,агент",иностра (0.573;0.681;0.385) ,0.573,0.681,0.385
П и иностранные агенты,"п,иностра,агент",иностра (0.573;0.681;0.385) ,0.573,0.681,0.385
В десятки раз вырастут штрафы за нарушение ПДД на Украине,"десяток,выраста,штраф,нарушен,пдд,украин","штраф (0.062;0.490;0.240) ,нарушен (0.177;0.745;0.423) ",0.119,0.617,0.332
СМИ сообщили о тайном бизнесе в закрытой резиденции Порошенко,"сми,сообща,тайн,бизнес,закрыт,резиденц,порошенк","сообща (0.418;0.442;0.567) ,тайн (0.500;0.676;0.545) ,бизнес (0.500;0.473;0.473) ",0.473,0.53,0.528
Лавра и упыри,"лавр,упыр",упыр (0.260;0.561;0.430) ,0.26,0.561,0.43
Зачем посланцы Константинополя привезли в Киев пособие по расизму,"посланец,константинопол,привоз,ки,пособ,расизм","ки (0.521;0.433;0.484) ,расизм (0.122;0.673;0.487) ",0.322,0.553,0.485
Киевский патриархат хочет получить томос до президентских выборов на Украине,"киевск,патриархат,хотет,получа,томос,президентск,выбор,украин",хотет (0.671;0.642;0.598) ,0.671,0.642,0.598
О ПОСЛАНИИ,послан,послан (0.604;0.417;0.535) ,0.604,0.417,0.535
Порошенко не в курсе,"порошенк,курс",курс (0.735;0.412;0.534) ,0.735,0.412,0.534
ОП Союзного государства: Константинополь подрывает межправославное единство,"оп,союзн,государств,константинопол,подрыва,межправославн,единств",подрыва (0.316;0.491;0.413) ,0.316,0.491,0.413
ООН: С мая по август на Украине было совершено 6 нападений на храмы Московского патриархата,"оон,ма,август,украин,соверша,нападен,храм,московск,патриархат",нападен (0.167;0.848;0.550) ,0.167,0.848,0.55
УПЦ МП: Националисты готовят 14 октября провокации в Почаевской и Киево-Печерской лаврах,"упц,мп,националист,готов,октябр,провокац,почаевск,киев,печерск,лавр",готов (0.847;0.500;0.412) ,0.847,0.5,0.412
УПЦ: Пусть Филарет считает не приходы,"упц,пуст,филарет,счита,приход",счита (0.500;0.562;0.547) ,0.5,0.562,0.547
Шухевич требует провести обыски православных Лавр на Украине,"шухевич,требова,провод,обыск,православн,лавр,украин",требова (0.398;0.439;0.560) ,0.398,0.439,0.56
Томософрения: последствия для православия и Украины,"томософрен,последств,православ,украин",последств (0.470;0.578;0.379) ,0.47,0.578,0.379
Экзарх Константинополя в Киеве оказался поклонником трудов украинского националиста,"экзарх,константинопол,ки,оказыва,поклонник,труд,украинск,националист","ки (0.521;0.433;0.484) ,поклонник (0.781;0.429;0.357) ",0.651,0.431,0.42
Томософрения: последствия для православия и Украины,"томософрен,последств,православ,украин",последств (0.470;0.578;0.379) ,0.47,0.578,0.379
ПОСЛЕДНИЕ СВОДКИ — 16.09.2018 (ОБНОВЛЯЕТСЯ!),"последн,сводк,обновля",обновля (0.656;0.633;0.541) ,0.656,0.633,0.541
"Украина напряглась в ожидании ""неожиданного сюрприза"" от Порошенко","украин,напряга,ожидан,неожида,сюрприз,порошенк","ожидан (0.581;0.622;0.558) ,неожида (0.500;0.720;0.333) ,сюрприз (0.875;0.875;0.562) ",0.652,0.739,0.484
РПЦ выходит из всех структур под председательством Константинопольского патриархата,"рпц,выход,ве,структур,председательств,константинопольск,патриархат",выход (0.490;0.429;0.287) ,0.49,0.429,0.287
РПЦ: Во всех храмах будут молиться за преодоление церковного раскола на Украине,"рпц,ве,храм,мол,преодолен,церковн,раскол,украин",мол (0.602;0.480;0.453) ,0.602,0.48,0.453
РПЦ: Вселенский патриархат нарушает правила,"рпц,вселенск,патриархат,наруша,прав","наруша (0.357;0.618;0.472) ,прав (0.458;0.473;0.444) ",0.407,0.545,0.458
РПЦ: Вселенский патриархат нарушает правила,"рпц,вселенск,патриархат,наруша,прав","наруша (0.357;0.618;0.472) ,прав (0.458;0.473;0.444) ",0.407,0.545,0.458
РПЦ: Во всех храмах будут молиться за преодоление церковного раскола на Украине,"рпц,ве,храм,мол,преодолен,церковн,раскол,украин",мол (0.602;0.480;0.453) ,0.602,0.48,0.453
РПЦ выходит из всех структур под председательством Константинопольского патриархата,"рпц,выход,ве,структур,председательств,константинопольск,патриархат",выход (0.490;0.429;0.287) ,0.49,0.429,0.287
Цифры и сценарий: Религиозная война на Украине станет следствием автокефалии,"цифр,сценар,религиозн,войн,украин,станов,следств,автокефал",следств (0.240;0.721;0.593) ,0.24,0.721,0.593
Патриарх Кирилл: Назначение Константинополем экзархов на Украине повторяет события 1920-х годов,"патриарх,кирилл,назначен,константинопол,экзарх,украин,повторя,событ,х,год",повторя (0.449;0.460;0.440) ,0.449,0.46,0.44
Константинополь отреагировал на возможные действия РПЦ в ответ на автокефалию украинской церкви,"константинопол,отреагирова,возможн,действ,рпц,ответ,автокефал,украинск,церков",действ (0.698;0.643;0.500) ,0.698,0.643,0.5
Представитель УПЦ сообщил на совещании ОБСЕ о нарушении прав прихожан Московского патриархата,"представител,упц,сообща,совещан,обс,нарушен,прав,прихожанин,московск,патриархат","сообща (0.418;0.442;0.567) ,нарушен (0.177;0.745;0.423) ,прав (0.458;0.473;0.444) ",0.351,0.553,0.478
РПЦ: Автокефалия Украины может привести к расколу,"рпц,автокефал,украин,моч,привод,раскол",моч (0.449;0.529;0.391) ,0.449,0.529,0.391
Крестовый поход против Православия как элемент гибридной войны,"крестов,поход,прот,православ,элемент,гибридн,войн",поход (0.615;0.442;0.538) ,0.615,0.442,0.538
"Тихон Гончаров: Новый церковный раскол разбивает попытки Москвы ""договориться"" о мягкой сдаче Украины","тихон,гончар,нов,церковн,раскол,разбива,попытк,москв,договарива,мягк,сдач,украин","гончар (0.573;0.417;0.482) ,нов (0.917;0.490;0.582) ,попытк (0.625;0.491;0.431) ",0.705,0.466,0.498
КОНСТАНТИНОПОЛЬСКИЙ ПАТРИАРХАТ НАЧАЛ ВОЙНУ,"константинопольск,патриархат,начина,войн",начина (0.490;0.480;0.387) ,0.49,0.48,0.387
"Сможет ли украинская ""команда идиотов"" построить нацистское государство","смоч,украинск,команд,идиот,постро,нацистск,государств",идиот (0.086;0.567;0.113) ,0.086,0.567,0.113
Что стоит за действиями Константинопольского Патриарха на Украине,"стоя,действ,константинопольск,патриарх,украин",действ (0.698;0.643;0.500) ,0.698,0.643,0.5
"Сможет ли украинская ""команда идиотов"" построить нацистское государство","смоч,украинск,команд,идиот,постро,нацистск,государств",идиот (0.086;0.567;0.113) ,0.086,0.567,0.113
Легойда: РПЦ готовит жесткий ответ на действия Константинополя по Украине,"легойд,рпц,готов,жестк,ответ,действ,константинопол,украин","готов (0.847;0.500;0.412) ,действ (0.698;0.643;0.500) ",0.772,0.572,0.456
Константинопольский патриархат начал войну,"константинопольск,патриархат,начина,войн",начина (0.490;0.480;0.387) ,0.49,0.48,0.387
РПЦ: Действия патриарха Варфоломея нужно предать межправославному церковному суду,"рпц,действ,патриарх,варфолом,нужн,предава,межправославн,церковн,суд","действ (0.698;0.643;0.500) ,предава (0.042;0.870;0.536) ",0.37,0.756,0.518
Шеслер: Томос — только повод. Цель — разрушение православия,"шеслер,томос,повод,цел,разрушен,православ","повод (0.700;0.451;0.398) ,цел (0.481;0.569;0.567) ,разрушен (0.031;0.696;0.288) ",0.404,0.572,0.418
"ГЛАВКОМ НАЧАЛ ТВОРЧЕСКИ ЭКСПЛУАТИРОВАТЬ КОНЦЕПЦИЮ ""NAZI 2.0""","главк,начина,творческ,эксплуатирова,концепц,nazi",начина (0.490;0.480;0.387) ,0.49,0.48,0.387
Шеслер: Томос — только повод. Цель — разрушение православия,"шеслер,томос,повод,цел,разрушен,православ","повод (0.700;0.451;0.398) ,цел (0.481;0.569;0.567) ,разрушен (0.031;0.696;0.288) ",0.404,0.572,0.418
Монолог Константинопольского патриарха: Последствия решений Варфоломея могут оказаться непоправимыми,"монолог,константинопольск,патриарх,последств,решен,варфолом,моч,оказыва,непоправим","последств (0.470;0.578;0.379) ,моч (0.449;0.529;0.391) ,непоправим (0.061;0.530;0.430) ",0.327,0.546,0.4
РПЦЗ: Действия Константинополя на Украине угрожают единству православия,"рпцз,действ,константинопол,украин,угрожа,единств,православ","действ (0.698;0.643;0.500) ,угрожа (0.194;0.582;0.500) ",0.446,0.613,0.5
Константинопольский патриархат начал войну,"константинопольск,патриархат,начина,войн",начина (0.490;0.480;0.387) ,0.49,0.48,0.387
"Порошенко: Украина не собирается ""спрашивать разрешения у России"" по вопросу автокефалии","порошенк,украин,собира,спрашива,разрешен,росс,вопрос,автокефал","спрашива (0.583;0.519;0.363) ,разрешен (0.388;0.462;0.490) ,вопрос (0.316;0.819;0.351) ",0.429,0.6,0.401
РПЦ: Патриарх Варфоломей хочет стать восточным Папой и контролировать все православие,"рпц,патриарх,варфолом,хотет,станов,восточн,пап,контролирова,ве,православ","хотет (0.671;0.642;0.598) ,восточн (0.541;0.408;0.402) ",0.606,0.525,0.5
РПЦ: Действия патриарха Варфоломея нужно предать межправославному церковному суду,"рпц,действ,патриарх,варфолом,нужн,предава,межправославн,церковн,суд","действ (0.698;0.643;0.500) ,предава (0.042;0.870;0.536) ",0.37,0.756,0.518
РПЦ: Действия патриарха Варфоломея нужно предать межправославному церковному суду,"рпц,действ,патриарх,варфолом,нужн,предава,межправославн,церковн,суд","действ (0.698;0.643;0.500) ,предава (0.042;0.870;0.536) ",0.37,0.756,0.518
Ничего мы у Путина спрашивать не будем,"ничт,путин,спрашива",спрашива (0.583;0.519;0.363) ,0.583,0.519,0.363
РПЦ ответит на назначение патриархом Варфоломеем американских епископов на Украине,"рпц,отвеча,назначен,патриарх,варфолом,американск,епископ,украин",отвеча (0.573;0.435;0.594) ,0.573,0.435,0.594
Заявления Константинополя вызывают недоумение — пресс-служба Московской Патриархии,"заявлен,константинопол,вызыва,недоумен,пресс,служб,московск,патриарх",недоумен (0.312;0.716;0.216) ,0.312,0.716,0.216
Заявления Константинополя вызывают недоумение - пресс-служба Московской Патриархии,"заявлен,константинопол,вызыва,недоумен,пресс,служб,московск,патриарх",недоумен (0.312;0.716;0.216) ,0.312,0.716,0.216
Автокефалия Украинской церкви: новому расколу быть?,"автокефал,украинск,церков,нов,раскол",нов (0.917;0.490;0.582) ,0.917,0.49,0.582
Андрей Стеценко - Раскольники врут о томосе как сивые мерины: обзор религиозной жизни Украины,"андр,стеценк,раскольник,врат,томос,сив,мерин,обзор,религиозн,жизн,украин",мерин (0.398;0.520;0.455) ,0.398,0.52,0.455
Глава пресс-службы УПЦ МП: У украинской власти нет шансов продлить свое существование,"глав,пресс,служб,упц,мп,украинск,власт,шанс,продля,сво,существован","глав (0.550;0.410;0.345) ,шанс (0.833;0.551;0.525) ",0.692,0.481,0.435
Томос для Украины: уврачевание или новый раскол,"томос,украин,уврачеван,нов,раскол",нов (0.917;0.490;0.582) ,0.917,0.49,0.582
Путь к Томосу и анафема Филарета. Что решили по Украине в Стамбуле,"пут,томос,анафем,филарет,реша,украин,стамбул","пут (0.646;0.410;0.519) ,анафем (0.286;0.490;0.519) ",0.466,0.45,0.519
Война всех против всех: В Украине стартовал новый политсезон,"войн,прот,украин,стартова,нов,политсезон",нов (0.917;0.490;0.582) ,0.917,0.49,0.582
Война всех против всех: В Украине стартовал новый политсезон,"войн,прот,украин,стартова,нов,политсезон",нов (0.917;0.490;0.582) ,0.917,0.49,0.582
Расколет все тело мирового православия. Томос: все сценарии,"раскалыва,тел,миров,православ,томос,ве,сценар","раскалыва (0.296;0.545;0.389) ,тел (0.694;0.461;0.571) ",0.495,0.503,0.48
Константинополь не может своим решением предоставить Украине Томос об автокефалии,"константинопол,моч,сво,решен,предоставля,украин,томос,автокефал",моч (0.449;0.529;0.391) ,0.449,0.529,0.391
"Константинопольский Патриархат не может принять решение, противоречащее позиции Русской Церкви","константинопольск,патриархат,моч,принима,решен,противореч,позиц,русск,церков","моч (0.449;0.529;0.391) ,противореч (0.160;0.598;0.482) ",0.304,0.564,0.436
Кровь не пугает власти. Украина на грани религиозной войны,"кров,пуга,власт,украин,гран,религиозн,войн","кров (0.219;0.684;0.585) ,пуга (0.439;0.491;0.441) ",0.329,0.588,0.513
"Сожрите друг друга: ""криптоватники"" в ожидании схватки Юли и Порошенко","сжира,друг,друг,криптоватник,ожидан,схватк,юл,порошенк","ожидан (0.581;0.622;0.558) ,юл (0.469;0.627;0.404) ",0.525,0.625,0.481
А ДРУГОГО ВЫХОДА НЕТ. ИЛИ ЖЕ ЕСТЬ? НЕ ЗНАЮ…,"выход,знат",выход (0.490;0.429;0.287) ,0.49,0.429,0.287
"Сожрите друг друга: ""криптоватники"" в ожидании схватки Юли и Порошенко","сжира,друг,друг,криптоватник,ожидан,схватк,юл,порошенк","ожидан (0.581;0.622;0.558) ,юл (0.469;0.627;0.404) ",0.525,0.625,0.481
Россия давно не получала по наглой морде,"росс,давн,получа,нагл,морд","нагл (0.292;0.640;0.518) ,морд (0.219;0.470;0.264) ",0.256,0.555,0.391
"Гримасы ""гибридной войны""","гримас,гибридн,войн",гримас (0.448;0.740;0.236) ,0.448,0.74,0.236
"Гримасы ""гибридной войны""","гримас,гибридн,войн",гримас (0.448;0.740;0.236) ,0.448,0.74,0.236
Украинская автокефалия – это элемент плана по расчленению Евразии.,"украинск,автокефал,эт,элемент,план,расчленен,евраз",расчленен (0.323;0.518;0.365) ,0.323,0.518,0.365
"Украинская автокефалия – это элемент плана по расчленению Евразии. Интервью Андрея Пургина ИА ""Антифашист""","украинск,автокефал,эт,элемент,план,расчленен,евраз,интерв,андр,пургин,и,антифашист","расчленен (0.323;0.518;0.365) ,и (0.510;0.435;0.508) ",0.416,0.477,0.436
Украина ждет падения гривны,"украин,ждат,паден,гривн",паден (0.516;0.583;0.397) ,0.516,0.583,0.397
Католичка Руслана Лыжечко на русском языке рекламирует Томос в соцсетях,"католичк,русла,лыжечк,русск,язык,рекламирова,томос,соцсет",рекламирова (0.500;0.529;0.580) ,0.5,0.529,0.58
В Киеве не сомневаются в обретении томоса и ждут массу перебежчиков из УПЦ МП,"ки,сомнева,обретен,томос,ждат,масс,перебежчик,упц,мп","ки (0.521;0.433;0.484) ,сомнева (0.224;0.560;0.189) ,обретен (0.745;0.741;0.520) ,перебежчик (0.163;0.696;0.286) ",0.413,0.607,0.37
"Деградация Украины - цена ""сдерживания"" России","деградац,украин,цен,сдерживан,росс","деградац (0.160;0.608;0.315) ,сдерживан (0.418;0.453;0.404) ",0.289,0.53,0.36
Церковная руина: готовность к религиозной войне,"церковн,руин,готовн,религиозн,войн",руин (0.250;0.490;0.248) ,0.25,0.49,0.248
"Деградация Украины — цена ""сдерживания"" России","деградац,украин,цен,сдерживан,росс","деградац (0.160;0.608;0.315) ,сдерживан (0.418;0.453;0.404) ",0.289,0.53,0.36
Церковная руина: готовность к религиозной войне,"церковн,руин,готовн,религиозн,войн",руин (0.250;0.490;0.248) ,0.25,0.49,0.248
"Деградация Украины - цена ""сдерживания"" России","деградац,украин,цен,сдерживан,росс","деградац (0.160;0.608;0.315) ,сдерживан (0.418;0.453;0.404) ",0.289,0.53,0.36
"Поп-расстрига Филарет при поддержке ""его святейшества"" Порошенко готовят передел церковного майна","поп,расстриг,филарет,поддержк,святейшеств,порошенк,готов,передел,церковн,майн","поп (0.673;0.510;0.491) ,готов (0.847;0.500;0.412) ",0.76,0.505,0.452
"Деградация Украины — цена ""сдерживания"" России","деградац,украин,цен,сдерживан,росс","деградац (0.160;0.608;0.315) ,сдерживан (0.418;0.453;0.404) ",0.289,0.53,0.36
Филарет признался: Война позволила ему увеличить число прихожан,"филарет,признава,войн,позволя,увеличива,числ,прихожанин","позволя (0.698;0.429;0.538) ,числ (0.542;0.420;0.518) ",0.62,0.424,0.528
Крестный ход в Киеве – изнутри,"крестн,ход,ки,изнутр","ход (0.643;0.412;0.450) ,ки (0.521;0.433;0.484) ",0.582,0.422,0.467
Филарет признался: Война позволила ему увеличить число прихожан,"филарет,признава,войн,позволя,увеличива,числ,прихожанин","позволя (0.698;0.429;0.538) ,числ (0.542;0.420;0.518) ",0.62,0.424,0.528
Томос просят для отсутствующих прихожан: в Сети ищут фото массового Крестного хода филаретовских раскольников,"томос,прос,отсутств,прихожанин,сет,иска,фот,массов,крестн,ход,филаретовск,раскольник","прос (0.531;0.440;0.459) ,иска (0.622;0.429;0.482) ,ход (0.643;0.412;0.450) ",0.599,0.427,0.464
Украина в шаге от нового раскола и религиозной войны,"украин,шаг,нов,раскол,религиозн,войн",нов (0.917;0.490;0.582) ,0.917,0.49,0.582
Томос просят для отсутствующих прихожан: в Сети ищут фото массового Крестного хода филаретовских раскольников,"томос,прос,отсутств,прихожанин,сет,иска,фот,массов,крестн,ход,филаретовск,раскольник","прос (0.531;0.440;0.459) ,иска (0.622;0.429;0.482) ,ход (0.643;0.412;0.450) ",0.599,0.427,0.464
Митрополит Иларион: украинская автокефалия абсурдна по церковному праву,"митропол,иларион,украинск,автокефал,абсурдн,церковн,прав",прав (0.458;0.473;0.444) ,0.458,0.473,0.444
На пути в Европу: Украинский режиссер предложил вернуть страну в средние века,"пут,европ,украинск,режиссер,предлага,вернут,стран,средн,век","пут (0.646;0.410;0.519) ,предлага (0.750;0.745;0.596) ,вернут (0.602;0.412;0.463) ",0.666,0.522,0.526
ПОСЛЕДНИЕ СВОДКИ — 27.07.2018 (ОБНОВЛЯЕТСЯ!),"последн,сводк,обновля",обновля (0.656;0.633;0.541) ,0.656,0.633,0.541
Накануне Крестного хода в Киеве Порошенко пытается его сорвать,"наканун,крестн,ход,ки,порошенк,пыта,сорва","ход (0.643;0.412;0.450) ,ки (0.521;0.433;0.484) ,пыта (0.062;0.890;0.361) ",0.409,0.578,0.432
Украинские силовики не пускают православных на Крестный ход в Киеве,"украинск,силовик,пуска,православн,крестн,ход,ки","ход (0.643;0.412;0.450) ,ки (0.521;0.433;0.484) ",0.582,0.422,0.467
Украинские силовики не пускают православных на Крестный ход в Киеве,"украинск,силовик,пуска,православн,крестн,ход,ки","ход (0.643;0.412;0.450) ,ки (0.521;0.433;0.484) ",0.582,0.422,0.467
Константинополь не должен пасть!,"константинопол,должн,паст",паст (0.592;0.500;0.474) ,0.592,0.5,0.474
Православие украинского разлива: Патриарх хвалит Гитлера и благословляет на убийства,"православ,украинск,разл,патриарх,хвал,гитлер,благословля,убийств","благословля (0.677;0.438;0.481) ,убийств (0.083;0.941;0.525) ",0.38,0.69,0.503
Константинополь не должен пасть!,"константинопол,должн,паст",паст (0.592;0.500;0.474) ,0.592,0.5,0.474
Пушилин: Киевский режим провоцирует религиозный конфликт на Украине,"пушилин,киевск,реж,провоцирова,религиозн,конфликт,украин",конфликт (0.335;0.906;0.471) ,0.335,0.906,0.471
Рудяков: Порошенко начал президентскую кампанию с крайне воинственных заявлений,"рудяк,порошенк,начина,президентск,кампан,крайн,воинствен,заявлен","начина (0.490;0.480;0.387) ,воинствен (0.344;0.680;0.594) ",0.417,0.58,0.49
Пушилин: Киевский режим провоцирует религиозный конфликт на Украине,"пушилин,киевск,реж,провоцирова,религиозн,конфликт,украин",конфликт (0.335;0.906;0.471) ,0.335,0.906,0.471
"Андрей Стеценко - ""Отступить под давлением Москвы нельзя!"": идёт война за церковь на Украине","андр,стеценк,отступа,давлен,москв,ид,т,войн,церков,украин",отступа (0.312;0.525;0.278) ,0.312,0.525,0.278
На плечи патриарха Кирилла легла огромная ответственность,"плеч,патриарх,кирилл,лож,огромн,ответствен",лож (0.130;0.725;0.272) ,0.13,0.725,0.272
ОСЬ АВАКОВ-ГРОЙСМАН: ПРОКТОЛОГИЧЕСКИЙ АСПЕКТ,"о,авак,гройсма,проктологическ,аспект",аспект (0.479;0.469;0.588) ,0.479,0.469,0.588
Прольётся кровь: РПЦ предостерегает от попыток захвата храмов на Украине,"прол,тся,кров,рпц,предостерега,попытк,захват,храм,украин","прол (0.438;0.433;0.412) ,кров (0.219;0.684;0.585) ,предостерега (0.510;0.541;0.519) ,попытк (0.625;0.491;0.431) ,захват (0.357;0.650;0.537) ",0.43,0.56,0.497
Ось Аваков-Гройсман: проктологический аспект,"о,авак,гройсма,проктологическ,аспект",аспект (0.479;0.469;0.588) ,0.479,0.469,0.588
В РПЦ предупредили: Легитимация раскола на Украине обернется кровопролитием,"рпц,предупрежда,легитимац,раскол,украин,обертыва,кровопролит","предупрежда (0.429;0.647;0.564) ,кровопролит (0.048;0.942;0.525) ",0.238,0.794,0.544
В РПЦ предупредили: Легитимация раскола на Украине обернется кровопролитием,"рпц,предупрежда,легитимац,раскол,украин,обертыва,кровопролит","предупрежда (0.429;0.647;0.564) ,кровопролит (0.048;0.942;0.525) ",0.238,0.794,0.544
Зачем Киев готов развязать религиозную войну,"ки,готов,развязыва,религиозн,войн","ки (0.521;0.433;0.484) ,готов (0.847;0.500;0.412) ,развязыва (0.542;0.463;0.472) ",0.637,0.465,0.456
Петр Порошенко: в ожидании указания небес,"петр,порошенк,ожидан,указан,неб","ожидан (0.581;0.622;0.558) ,указан (0.406;0.673;0.500) ",0.493,0.647,0.529
"Уроки одного Томоса: почему Украине не нужен ""польский сценарий""","урок,томос,поч,украин,нужн,польск,сценар",урок (0.704;0.577;0.593) ,0.704,0.577,0.593
Шизофрения и высокая политика: Зачем Россия поддерживает русофобскую Украину?,"шизофрен,высок,политик,росс,поддержива,русофобск,украин","шизофрен (0.092;0.880;0.435) ,поддержива (0.708;0.471;0.569) ",0.4,0.675,0.502
Шизофрения и высокая политика: Зачем Россия поддерживает русофобскую Украину?,"шизофрен,высок,политик,росс,поддержива,русофобск,украин","шизофрен (0.092;0.880;0.435) ,поддержива (0.708;0.471;0.569) ",0.4,0.675,0.502
"Создатели самостийной церкви"" на Украине следуют курсу Запада на расчеловечивание""","создател,самостийн,церков,украин,следова,курс,запад,расчеловечиван",курс (0.735;0.412;0.534) ,0.735,0.412,0.534
Украинский лжепатриарх Филарет шантажирует православные церкви Московского патриархата на Украине,"украинск,лжепатриарх,филарет,шантажирова,православн,церков,московск,патриархат,украин",шантажирова (0.094;0.802;0.482) ,0.094,0.802,0.482
